Gender,Title,GivenName,,,,,,,,,,,,,,
male,Mr.,James,,,,,,,,,,,,,,
male,Dr.,William,,,,,,,,,,,,,,
male,Mr.,Glen,,,,,,,,,,,,,,
female,Mrs.,Rose,,,,,,,,,,,,,,
male,Mr.,Johnnie,,,,,,,,,,,,,,
female,Mrs.,Stephanie,,,,,,,,,,,,,,
male,Mr.,Anthony,,,,,,,,,,,,,,
male,Mr.,Matthew,,,,,,,,,,,,,,
male,Mr.,Jeffrey,,,,,,,,,,,,,,
male,Mr.,Jason,,,,,,,,,,,,,,
female,Ms.,Teresa,,,,,,,,,,,,,,
male,Mr.,Andre,,,,,,,,,,,,,,
female,Ms.,Anita,,,,,,,,,,,,,,
male,Mr.,Robert,,,,,,,,,,,,,,
male,Mr.,Steve,,,,,,,,,,,,,,
male,Mr.,Charles,,,,,,,,,,,,,,
female,Ms.,Vera,,,,,,,,,,,,,,
male,Mr.,Monty,,,,,,,,,,,,,,
female,Ms.,Tammy,,,,,,,,,,,,,,
male,Mr.,Joey,,,,,,,,,,,,,,
female,Ms.,April,,,,,,,,,,,,,,
female,Mrs.,Janet,,,,,,,,,,,,,,
male,Mr.,Martin,,,,,,,,,,,,,,
male,Mr.,Joe,,,,,,,,,,,,,,
male,Mr.,Felipe,,,,,,,,,,,,,,
female,Mrs.,Lucy,,,,,,,,,,,,,,
female,Ms.,Catherine,,,,,,,,,,,,,,
female,Ms.,Jeanne,,,,,,,,,,,,,,
male,Mr.,Robert,,,,,,,,,,,,,,
female,Ms.,Emma,,,,,,,,,,,,,,
female,Mrs.,Margaret,,,,,,,,,,,,,,
male,Mr.,William,,,,,,,,,,,,,,
male,Mr.,Willis,,,,,,,,,,,,,,
female,Ms.,Betty,,,,,,,,,,,,,,
male,Mr.,Joseph,,,,,,,,,,,,,,
female,Mrs.,Tess,,,,,,,,,,,,,,
female,Mrs.,Paula,,,,,,,,,,,,,,
male,Mr.,Earl,,,,,,,,,,,,,,
female,Mrs.,Maria,,,,,,,,,,,,,,
female,Mrs.,Alice,,,,,,,,,,,,,,
male,Mr.,Brett,,,,,,,,,,,,,,
female,Mrs.,Kim,,,,,,,,,,,,,,
male,Mr.,Richard,,,,,,,,,,,,,,
male,Mr.,James,,,,,,,,,,,,,,
male,Mr.,Curt,,,,,,,,,,,,,,
male,Mr.,Philip,,,,,,,,,,,,,,
female,Mrs.,Mark,,,,,,,,,,,,,,
female,Ms.,Jean,,,,,,,,,,,,,,
female,Mrs.,Annette,,,,,,,,,,,,,,
male,Mr.,Nicholas,,,,,,,,,,,,,,
female,Ms.,Danielle,,,,,,,,,,,,,,
male,Mr.,Anthony,,,,,,,,,,,,,,
male,Mr.,James,,,,,,,,,,,,,,
male,Mr.,Donald,,,,,,,,,,,,,,
male,Mr.,Steve,,,,,,,,,,,,,,
female,Ms.,Joanna,,,,,,,,,,,,,,
female,Ms.,Esmeralda,,,,,,,,,,,,,,
female,Ms.,Jenna,,,,,,,,,,,,,,
female,Ms.,Beth,,,,,,,,,,,,,,
male,Mr.,Trenton,,,,,,,,,,,,,,
male,Mr.,Eliseo,,,,,,,,,,,,,,
male,Mr.,Joseph,,,,,,,,,,,,,,
female,Dr.,Darlene,,,,,,,,,,,,,,
male,Mr.,Robert,,,,,,,,,,,,,,
female,Mrs.,Jane,,,,,,,,,,,,,,
male,Mr.,Bill,,,,,,,,,,,,,,
male,Mr.,Nicky,,,,,,,,,,,,,,
female,Ms.,Anna,,,,,,,,,,,,,,
male,Mr.,Kevin,,,,,,,,,,,,,,
male,Mr.,Douglas,,,,,,,,,,,,,,
female,Mrs.,Shirley,,,,,,,,,,,,,,
male,Mr.,Thomas,,,,,,,,,,,,,,
female,Ms.,Debra,,,,,,,,,,,,,,
male,Mr.,Jeffery,,,,,,,,,,,,,,
male,Mr.,Erik,,,,,,,,,,,,,,
female,Mrs.,Susan,,,,,,,,,,,,,,
male,Mr.,Justin,,,,,,,,,,,,,,
male,Mr.,Thomas,,,,,,,,,,,,,,
male,Mr.,Jack,,,,,,,,,,,,,,
male,Mr.,Kevin,,,,,,,,,,,,,,
female,Ms.,Carol,,,,,,,,,,,,,,
male,Mr.,Eddie,,,,,,,,,,,,,,
male,Mr.,Joshua,,,,,,,,,,,,,,
male,Mr.,Miguel,,,,,,,,,,,,,,
male,Mr.,Galen,,,,,,,,,,,,,,
male,Mr.,Thomas,,,,,,,,,,,,,,
male,Mr.,Andrew,,,,,,,,,,,,,,
female,Ms.,Dawn,,,,,,,,,,,,,,
female,Ms.,Josephine,,,,,,,,,,,,,,
male,Mr.,Anthony,,,,,,,,,,,,,,
male,Mr.,Loren,,,,,,,,,,,,,,
male,Mr.,Stanley,,,,,,,,,,,,,,
female,Ms.,Lena,,,,,,,,,,,,,,
female,Mrs.,Katherine,,,,,,,,,,,,,,
female,Mrs.,Cheri,,,,,,,,,,,,,,
female,Ms.,Chante,,,,,,,,,,,,,,
male,Mr.,George,,,,,,,,,,,,,,
female,Mrs.,Jean,,,,,,,,,,,,,,
male,Mr.,Ryan,,,,,,,,,,,,,,
male,Dr.,Daniel,,,,,,,,,,,,,,
male,Mr.,Gilbert,,,,,,,,,,,,,,
male,Mr.,Toney,,,,,,,,,,,,,,
male,Mr.,Dennis,,,,,,,,,,,,,,
female,Ms.,Kimberly,,,,,,,,,,,,,,
male,Mr.,Robert,,,,,,,,,,,,,,
male,Mr.,Robert,,,,,,,,,,,,,,
male,Mr.,Charles,,,,,,,,,,,,,,
male,Mr.,John,,,,,,,,,,,,,,
female,Ms.,Sharron,,,,,,,,,,,,,,
male,Mr.,Henry,,,,,,,,,,,,,,
male,Mr.,George,,,,,,,,,,,,,,
female,Ms.,Piedad,,,,,,,,,,,,,,
female,Mrs.,Tammy,,,,,,,,,,,,,,
male,Mr.,Clayton,,,,,,,,,,,,,,
female,Ms.,Mary,,,,,,,,,,,,,,
male,Mr.,Robert,,,,,,,,,,,,,,
female,Ms.,Rose,,,,,,,,,,,,,,
female,Ms.,Kathryn,,,,,,,,,,,,,,
female,Ms.,Betty,,,,,,,,,,,,,,
female,Mrs.,Joyce,,,,,,,,,,,,,,
female,Mrs.,Dovie,,,,,,,,,,,,,,
female,Mrs.,Mamie,,,,,,,,,,,,,,
female,Mrs.,Nicole,,,,,,,,,,,,,,
female,Ms.,Mary,,,,,,,,,,,,,,
male,Mr.,Antonio,,,,,,,,,,,,,,
female,Mrs.,Muriel,,,,,,,,,,,,,,
female,Mrs.,Deborah,,,,,,,,,,,,,,
female,Ms.,Judith,,,,,,,,,,,,,,
female,Ms.,Rochelle,,,,,,,,,,,,,,
male,Mr.,George,,,,,,,,,,,,,,
male,Mr.,Rodney,,,,,,,,,,,,,,
male,Mr.,Wayne,,,,,,,,,,,,,,
female,Mrs.,Megan,,,,,,,,,,,,,,
male,Mr.,Chris,,,,,,,,,,,,,,
female,Ms.,Lisa,,,,,,,,,,,,,,
female,Ms.,Berta,,,,,,,,,,,,,,
female,Mrs.,Lillian,,,,,,,,,,,,,,
male,Dr.,Harvey,,,,,,,,,,,,,,
female,Ms.,Theresa,,,,,,,,,,,,,,
female,Mrs.,Martha,,,,,,,,,,,,,,
female,Ms.,Michele,,,,,,,,,,,,,,
male,Mr.,Gene,,,,,,,,,,,,,,
female,Mrs.,Yolanda,,,,,,,,,,,,,,
male,Mr.,James,,,,,,,,,,,,,,
male,Mr.,Steven,,,,,,,,,,,,,,
female,Mrs.,Elizabeth,,,,,,,,,,,,,,
male,Mr.,William,,,,,,,,,,,,,,
male,Mr.,Gerald,,,,,,,,,,,,,,
male,Mr.,Joseph,,,,,,,,,,,,,,
female,Ms.,Shelly,,,,,,,,,,,,,,
male,Mr.,Frank,,,,,,,,,,,,,,
female,Mrs.,Thelma,,,,,,,,,,,,,,
female,Ms.,Leslie,,,,,,,,,,,,,,
male,Mr.,Frederick,,,,,,,,,,,,,,
male,Mr.,Jacob,,,,,,,,,,,,,,
male,Mr.,Michel,,,,,,,,,,,,,,
male,Mr.,Vernon,,,,,,,,,,,,,,
male,Mr.,George,,,,,,,,,,,,,,
female,Ms.,Millie,,,,,,,,,,,,,,
male,Mr.,Bradley,,,,,,,,,,,,,,
male,Mr.,Jaime,,,,,,,,,,,,,,
male,Mr.,Timothy,,,,,,,,,,,,,,
male,Mr.,Donald,,,,,,,,,,,,,,
male,Mr.,Christopher,,,,,,,,,,,,,,
male,Mr.,Ashley,,,,,,,,,,,,,,
male,Mr.,Ethan,,,,,,,,,,,,,,
male,Mr.,Carlos,,,,,,,,,,,,,,
male,Mr.,Allen,,,,,,,,,,,,,,
male,Mr.,David,,,,,,,,,,,,,,
male,Mr.,Colby,,,,,,,,,,,,,,
female,Ms.,Consuelo,,,,,,,,,,,,,,
female,Mrs.,Melanie,,,,,,,,,,,,,,
female,Mrs.,Annette,,,,,,,,,,,,,,
male,Mr.,Harry,,,,,,,,,,,,,,
female,Mrs.,Caroline,,,,,,,,,,,,,,
female,Ms.,Michelle,,,,,,,,,,,,,,
female,Mrs.,Ramona,,,,,,,,,,,,,,
female,Mrs.,Whitney,,,,,,,,,,,,,,
male,Mr.,Peter,,,,,,,,,,,,,,
male,Mr.,Michael,,,,,,,,,,,,,,
male,Mr.,John,,,,,,,,,,,,,,
male,Mr.,Ronnie,,,,,,,,,,,,,,
female,Ms.,Virginia,,,,,,,,,,,,,,
female,Ms.,Heather,,,,,,,,,,,,,,
female,Mrs.,Miriam,,,,,,,,,,,,,,
female,Ms.,Madeline,,,,,,,,,,,,,,
female,Mrs.,Donna,,,,,,,,,,,,,,
male,Mr.,Gerard,,,,,,,,,,,,,,
male,Mr.,Alex,,,,,,,,,,,,,,
male,Mr.,Abraham,,,,,,,,,,,,,,
female,Ms.,Elizabeth,,,,,,,,,,,,,,
male,Mr.,William,,,,,,,,,,,,,,
male,Mr.,Wilfredo,,,,,,,,,,,,,,
female,Mrs.,Lacey,,,,,,,,,,,,,,
male,Mr.,Michael,,,,,,,,,,,,,,
female,Mrs.,Misty,,,,,,,,,,,,,,
female,Mrs.,Judith,,,,,,,,,,,,,,
male,Mr.,Robert,,,,,,,,,,,,,,
male,Mr.,Jeffrey,,,,,,,,,,,,,,
male,Mr.,Milton,,,,,,,,,,,,,,
female,Ms.,Sarah,,,,,,,,,,,,,,
female,Mrs.,Paulina,,,,,,,,,,,,,,
male,Mr.,Robert,,,,,,,,,,,,,,
female,Ms.,Mary,,,,,,,,,,,,,,
male,Mr.,Robert,,,,,,,,,,,,,,
female,Mrs.,Paula,,,,,,,,,,,,,,
female,Ms.,Christine,,,,,,,,,,,,,,
female,Ms.,Bessie,,,,,,,,,,,,,,
male,Mr.,Larry,,,,,,,,,,,,,,
male,Mr.,Patrick,,,,,,,,,,,,,,
female,Ms.,Caroline,,,,,,,,,,,,,,
male,Mr.,Barry,,,,,,,,,,,,,,
male,Mr.,John,,,,,,,,,,,,,,
male,Mr.,Travis,,,,,,,,,,,,,,
female,Ms.,Ramona,,,,,,,,,,,,,,
female,Mrs.,Mary,,,,,,,,,,,,,,
female,Mrs.,Nicole,,,,,,,,,,,,,,
female,Ms.,Arline,,,,,,,,,,,,,,
male,Mr.,Chris,,,,,,,,,,,,,,
female,Mrs.,Marci,,,,,,,,,,,,,,
female,Mrs.,Melanie,,,,,,,,,,,,,,
female,Mrs.,Margaret,,,,,,,,,,,,,,
male,Mr.,Joseph,,,,,,,,,,,,,,
male,Mr.,Jason,,,,,,,,,,,,,,
female,Ms.,Jolanda,,,,,,,,,,,,,,
female,Mrs.,Michele,,,,,,,,,,,,,,
female,Mrs.,Joan,,,,,,,,,,,,,,
female,Ms.,Dorris,,,,,,,,,,,,,,
female,Ms.,Debra,,,,,,,,,,,,,,
female,Ms.,Sarah,,,,,,,,,,,,,,
female,Ms.,Teresa,,,,,,,,,,,,,,
female,Mrs.,Kim,,,,,,,,,,,,,,
male,Mr.,Leland,,,,,,,,,,,,,,
female,Mrs.,Sarah,,,,,,,,,,,,,,
female,Mrs.,Avis,,,,,,,,,,,,,,
male,Mr.,Jeffery,,,,,,,,,,,,,,
male,Mr.,David,,,,,,,,,,,,,,
female,Ms.,Della,,,,,,,,,,,,,,
female,Ms.,Elois,,,,,,,,,,,,,,
male,Mr.,Kenneth,,,,,,,,,,,,,,
male,Mr.,David,,,,,,,,,,,,,,
male,Mr.,Brad,,,,,,,,,,,,,,
female,Mrs.,Callie,,,,,,,,,,,,,,
male,Mr.,Nicolas,,,,,,,,,,,,,,
male,Mr.,Gordon,,,,,,,,,,,,,,
male,Mr.,Rodney,,,,,,,,,,,,,,
female,Ms.,Mildred,,,,,,,,,,,,,,
female,Ms.,Luann,,,,,,,,,,,,,,
female,Ms.,Ana,,,,,,,,,,,,,,
female,Mrs.,Pamela,,,,,,,,,,,,,,
male,Mr.,Jason,,,,,,,,,,,,,,
female,Mrs.,Kelly,,,,,,,,,,,,,,
female,Mrs.,Joann,,,,,,,,,,,,,,
male,Mr.,David,,,,,,,,,,,,,,
male,Mr.,Willis,,,,,,,,,,,,,,
male,Mr.,Andy,,,,,,,,,,,,,,
female,Ms.,Jennifer,,,,,,,,,,,,,,
female,Mrs.,Doreen,,,,,,,,,,,,,,
female,Mrs.,Annabelle,,,,,,,,,,,,,,
female,Dr.,Hazel,,,,,,,,,,,,,,
female,Mrs.,Aimee,,,,,,,,,,,,,,
male,Mr.,Noah,,,,,,,,,,,,,,
male,Mr.,Kevin,,,,,,,,,,,,,,
female,Ms.,Pearlie,,,,,,,,,,,,,,
female,Mrs.,Elsie,,,,,,,,,,,,,,
male,Mr.,George,,,,,,,,,,,,,,
female,Ms.,Caitlin,,,,,,,,,,,,,,
male,Mr.,Max,,,,,,,,,,,,,,
male,Mr.,Roberto,,,,,,,,,,,,,,
male,Mr.,Randy,,,,,,,,,,,,,,
male,Mr.,John,,,,,,,,,,,,,,
male,Mr.,Willie,,,,,,,,,,,,,,
female,Ms.,Tambra,,,,,,,,,,,,,,
female,Mrs.,Terry,,,,,,,,,,,,,,
female,Ms.,Holly,,,,,,,,,,,,,,
male,Mr.,Kenneth,,,,,,,,,,,,,,
male,Mr.,Herman,,,,,,,,,,,,,,
male,Mr.,James,,,,,,,,,,,,,,
male,Mr.,Peter,,,,,,,,,,,,,,
male,Mr.,Brandon,,,,,,,,,,,,,,
female,Mrs.,Sara,,,,,,,,,,,,,,
female,Mrs.,Aurelia,,,,,,,,,,,,,,
female,Mrs.,Elizabeth,,,,,,,,,,,,,,
male,Mr.,Jesus,,,,,,,,,,,,,,
female,Ms.,Kimberly,,,,,,,,,,,,,,
male,Mr.,Adam,,,,,,,,,,,,,,
female,Ms.,Marjorie,,,,,,,,,,,,,,
female,Dr.,Marguerite,,,,,,,,,,,,,,
female,Mrs.,Martha,,,,,,,,,,,,,,
male,Mr.,Alejandro,,,,,,,,,,,,,,
female,Mrs.,Jennifer,,,,,,,,,,,,,,
male,Mr.,Joseph,,,,,,,,,,,,,,
female,Mrs.,Lisa,,,,,,,,,,,,,,
male,Mr.,Ted,,,,,,,,,,,,,,
female,Mrs.,Araceli,,,,,,,,,,,,,,
male,Mr.,Robert,,,,,,,,,,,,,,
female,Mrs.,Leticia,,,,,,,,,,,,,,
male,Mr.,John,,,,,,,,,,,,,,
male,Mr.,Jeffrey,,,,,,,,,,,,,,
male,Mr.,Charles,,,,,,,,,,,,,,
male,Mr.,Benjamin,,,,,,,,,,,,,,
female,Ms.,Alisha,,,,,,,,,,,,,,
female,Mrs.,Janette,,,,,,,,,,,,,,
female,Ms.,Thelma,,,,,,,,,,,,,,
female,Ms.,Patricia,,,,,,,,,,,,,,
male,Mr.,Ralph,,,,,,,,,,,,,,
female,Ms.,Helen,,,,,,,,,,,,,,
female,Ms.,Marion,,,,,,,,,,,,,,
female,Mrs.,Jane,,,,,,,,,,,,,,
female,Ms.,Kimberly,,,,,,,,,,,,,,
female,Mrs.,Sharon,,,,,,,,,,,,,,
female,Mrs.,Mildred,,,,,,,,,,,,,,
female,Ms.,Sabrina,,,,,,,,,,,,,,
female,Mrs.,Pauline,,,,,,,,,,,,,,
female,Ms.,Suzanne,,,,,,,,,,,,,,
female,Ms.,Bethany,,,,,,,,,,,,,,
female,Ms.,Jane,,,,,,,,,,,,,,
male,Mr.,Robert,,,,,,,,,,,,,,
female,Ms.,Mary,,,,,,,,,,,,,,
male,Mr.,Mathew,,,,,,,,,,,,,,
male,Mr.,Robert,,,,,,,,,,,,,,
male,Mr.,David,,,,,,,,,,,,,,
male,Mr.,Joseph,,,,,,,,,,,,,,
female,Mrs.,Judith,,,,,,,,,,,,,,
female,Mrs.,Cecile,,,,,,,,,,,,,,
female,Ms.,Erica,,,,,,,,,,,,,,
female,Mrs.,Marguerite,,,,,,,,,,,,,,
male,Mr.,Richard,,,,,,,,,,,,,,
female,Ms.,Jessica,,,,,,,,,,,,,,
female,Ms.,Easter,,,,,,,,,,,,,,
male,Mr.,Barry,,,,,,,,,,,,,,
male,Mr.,Scott,,,,,,,,,,,,,,
male,Mr.,Joseph,,,,,,,,,,,,,,
male,Mr.,Michael,,,,,,,,,,,,,,
male,Mr.,Glenn,,,,,,,,,,,,,,
male,Mr.,Frank,,,,,,,,,,,,,,
female,Ms.,Mary,,,,,,,,,,,,,,
female,Ms.,Micki,,,,,,,,,,,,,,
male,Mr.,Jon,,,,,,,,,,,,,,
male,Mr.,Dean,,,,,,,,,,,,,,
female,Ms.,Elsie,,,,,,,,,,,,,,
female,Mrs.,Audrey,,,,,,,,,,,,,,
female,Ms.,Natasha,,,,,,,,,,,,,,
male,Mr.,Warren,,,,,,,,,,,,,,
male,Mr.,Daniel,,,,,,,,,,,,,,
male,Mr.,Jacob,,,,,,,,,,,,,,
male,Mr.,Shawn,,,,,,,,,,,,,,
female,Ms.,Kayla,,,,,,,,,,,,,,
male,Mr.,Kenneth,,,,,,,,,,,,,,
male,Mr.,George,,,,,,,,,,,,,,
female,Ms.,Virginia,,,,,,,,,,,,,,
male,Mr.,Hoyt,,,,,,,,,,,,,,
male,Mr.,Bob,,,,,,,,,,,,,,
male,Mr.,William,,,,,,,,,,,,,,
female,Ms.,Mary,,,,,,,,,,,,,,
male,Mr.,Lawrence,,,,,,,,,,,,,,
female,Ms.,Kia,,,,,,,,,,,,,,
male,Mr.,Tracy,,,,,,,,,,,,,,
female,Mrs.,Lois,,,,,,,,,,,,,,
female,Mrs.,Terri,,,,,,,,,,,,,,
male,Mr.,Eric,,,,,,,,,,,,,,
female,Mrs.,Ruth,,,,,,,,,,,,,,
female,Ms.,Wanda,,,,,,,,,,,,,,
female,Mrs.,Helen,,,,,,,,,,,,,,
female,Mrs.,Kimberly,,,,,,,,,,,,,,
male,Mr.,Richard,,,,,,,,,,,,,,
female,Mrs.,Diane,,,,,,,,,,,,,,
male,Mr.,Jason,,,,,,,,,,,,,,
female,Mrs.,Lori,,,,,,,,,,,,,,
male,Mr.,Frank,,,,,,,,,,,,,,
male,Mr.,John,,,,,,,,,,,,,,
female,Mrs.,Marie,,,,,,,,,,,,,,
male,Mr.,Jesse,,,,,,,,,,,,,,
female,Dr.,Patricia,,,,,,,,,,,,,,
male,Mr.,Matthew,,,,,,,,,,,,,,
female,Mrs.,Paula,,,,,,,,,,,,,,
female,Mrs.,Elizabeth,,,,,,,,,,,,,,
female,Mrs.,Yolanda,,,,,,,,,,,,,,
female,Ms.,Lydia,,,,,,,,,,,,,,
female,Ms.,Ruby,,,,,,,,,,,,,,
male,Dr.,Harold,,,,,,,,,,,,,,
male,Mr.,Barry,,,,,,,,,,,,,,
male,Mr.,John,,,,,,,,,,,,,,
male,Mr.,Lawrence,,,,,,,,,,,,,,
female,Dr.,Lisa,,,,,,,,,,,,,,
female,Mrs.,Saundra,,,,,,,,,,,,,,
male,Mr.,Wayne,,,,,,,,,,,,,,
male,Mr.,Frank,,,,,,,,,,,,,,
male,Mr.,Charles,,,,,,,,,,,,,,
female,Mrs.,Patricia,,,,,,,,,,,,,,
male,Mr.,Chad,,,,,,,,,,,,,,
male,Mr.,Gene,,,,,,,,,,,,,,
female,Mrs.,Tracy,,,,,,,,,,,,,,
female,Ms.,Terry,,,,,,,,,,,,,,
male,Mr.,Archie,,,,,,,,,,,,,,
female,Ms.,Madeline,,,,,,,,,,,,,,
male,Mr.,Chris,,,,,,,,,,,,,,
male,Mr.,Clarence,,,,,,,,,,,,,,
female,Mrs.,Sol,,,,,,,,,,,,,,
female,Ms.,Mary,,,,,,,,,,,,,,
female,Ms.,Renee,,,,,,,,,,,,,,
male,Mr.,Hollis,,,,,,,,,,,,,,
male,Mr.,Randall,,,,,,,,,,,,,,
female,Ms.,Whitney,,,,,,,,,,,,,,
female,Mrs.,Danna,,,,,,,,,,,,,,
female,Ms.,Nicole,,,,,,,,,,,,,,
male,Mr.,Steven,,,,,,,,,,,,,,
male,Mr.,Jeffrey,,,,,,,,,,,,,,
female,Ms.,Beverley,,,,,,,,,,,,,,
male,Mr.,Kevin,,,,,,,,,,,,,,
female,Mrs.,Amy,,,,,,,,,,,,,,
female,Ms.,Crystal,,,,,,,,,,,,,,
male,Mr.,John,,,,,,,,,,,,,,
male,Mr.,Michael,,,,,,,,,,,,,,
male,Mr.,Tyler,,,,,,,,,,,,,,
female,Mrs.,Ila,,,,,,,,,,,,,,
male,Mr.,Terry,,,,,,,,,,,,,,
female,Ms.,Marsha,,,,,,,,,,,,,,
male,Mr.,Allen,,,,,,,,,,,,,,
male,Mr.,Anthony,,,,,,,,,,,,,,
female,Mrs.,Annis,,,,,,,,,,,,,,
male,Mr.,Derek,,,,,,,,,,,,,,
male,Mr.,Timothy,,,,,,,,,,,,,,
male,Mr.,Fred,,,,,,,,,,,,,,
female,Mrs.,Sandra,,,,,,,,,,,,,,
female,Dr.,Thelma,,,,,,,,,,,,,,
male,Mr.,Juan,,,,,,,,,,,,,,
female,Mrs.,Joann,,,,,,,,,,,,,,
male,Mr.,Keith,,,,,,,,,,,,,,
male,Mr.,Ruben,,,,,,,,,,,,,,
female,Ms.,Sandra,,,,,,,,,,,,,,
female,Ms.,Tamara,,,,,,,,,,,,,,
female,Ms.,Marie,,,,,,,,,,,,,,
male,Mr.,Curtis,,,,,,,,,,,,,,
female,Mrs.,Kathryn,,,,,,,,,,,,,,
female,Ms.,Billie,,,,,,,,,,,,,,
female,Mrs.,Sylvia,,,,,,,,,,,,,,
female,Ms.,Renee,,,,,,,,,,,,,,
female,Mrs.,Brenda,,,,,,,,,,,,,,
male,Mr.,Rudolph,,,,,,,,,,,,,,
female,Mrs.,Rebecca,,,,,,,,,,,,,,
female,Mrs.,Bethel,,,,,,,,,,,,,,
male,Mr.,Harold,,,,,,,,,,,,,,
male,Mr.,William,,,,,,,,,,,,,,
male,Mr.,Mark,,,,,,,,,,,,,,
male,Mr.,Marshall,,,,,,,,,,,,,,
female,Mrs.,Loretta,,,,,,,,,,,,,,
male,Mr.,Eloy,,,,,,,,,,,,,,
female,Ms.,Marcella,,,,,,,,,,,,,,
male,Mr.,Filiberto,,,,,,,,,,,,,,
female,Mrs.,Su,,,,,,,,,,,,,,
female,Ms.,Rebecca,,,,,,,,,,,,,,
male,Mr.,Elmer,,,,,,,,,,,,,,
male,Mr.,Juan,,,,,,,,,,,,,,
female,Mrs.,Patricia,,,,,,,,,,,,,,
male,Mr.,Michael,,,,,,,,,,,,,,
male,Mr.,Robert,,,,,,,,,,,,,,
female,Ms.,Sarah,,,,,,,,,,,,,,
male,Mr.,John,,,,,,,,,,,,,,
female,Ms.,Roxanne,,,,,,,,,,,,,,
male,Mr.,Charles,,,,,,,,,,,,,,
female,Mrs.,Nancy,,,,,,,,,,,,,,
female,Ms.,Jessie,,,,,,,,,,,,,,
female,Mrs.,Mercy,,,,,,,,,,,,,,
female,Ms.,Irish,,,,,,,,,,,,,,
male,Mr.,Ali,,,,,,,,,,,,,,
female,Ms.,Sandra,,,,,,,,,,,,,,
male,Dr.,Rodney,,,,,,,,,,,,,,
female,Ms.,Donna,,,,,,,,,,,,,,
male,Mr.,Raphael,,,,,,,,,,,,,,
male,Mr.,Ray,,,,,,,,,,,,,,
female,Ms.,Margaret,,,,,,,,,,,,,,
female,Ms.,Paula,,,,,,,,,,,,,,
male,Mr.,William,,,,,,,,,,,,,,
male,Mr.,Ryan,,,,,,,,,,,,,,
female,Mrs.,Shirly,,,,,,,,,,,,,,
male,Mr.,Richard,,,,,,,,,,,,,,
female,Mrs.,Mildred,,,,,,,,,,,,,,
female,Ms.,Sylvia,,,,,,,,,,,,,,
female,Ms.,Bonnie,,,,,,,,,,,,,,
female,Mrs.,Anna,,,,,,,,,,,,,,
male,Mr.,Robert,,,,,,,,,,,,,,
female,Ms.,Ruby,,,,,,,,,,,,,,
female,Mrs.,Jane,,,,,,,,,,,,,,
male,Mr.,Mickey,,,,,,,,,,,,,,
female,Mrs.,Veronique,,,,,,,,,,,,,,
female,Mrs.,Deborah,,,,,,,,,,,,,,
female,Mrs.,Roberta,,,,,,,,,,,,,,
female,Mrs.,Maureen,,,,,,,,,,,,,,
female,Mrs.,Carol,,,,,,,,,,,,,,
male,Mr.,Henry,,,,,,,,,,,,,,
female,Mrs.,Carol,,,,,,,,,,,,,,
male,Mr.,James,,,,,,,,,,,,,,
male,Mr.,Dale,,,,,,,,,,,,,,
female,Mrs.,Bertha,,,,,,,,,,,,,,
male,Mr.,Michael,,,,,,,,,,,,,,
female,Ms.,Alice,,,,,,,,,,,,,,
male,Mr.,Paul,,,,,,,,,,,,,,
female,Ms.,Mary,,,,,,,,,,,,,,
male,Mr.,Dominic,,,,,,,,,,,,,,
female,Ms.,Cecelia,,,,,,,,,,,,,,
male,Mr.,William,,,,,,,,,,,,,,
female,Ms.,Danielle,,,,,,,,,,,,,,
female,Mrs.,Rosanna,,,,,,,,,,,,,,
male,Mr.,Alvin,,,,,,,,,,,,,,
male,Mr.,Harvey,,,,,,,,,,,,,,
female,Mrs.,Patricia,,,,,,,,,,,,,,
male,Mr.,James,,,,,,,,,,,,,,
male,Mr.,James,,,,,,,,,,,,,,
female,Ms.,Mary,,,,,,,,,,,,,,
female,Ms.,Flossie,,,,,,,,,,,,,,
male,Mr.,Paul,,,,,,,,,,,,,,
male,Mr.,Richard,,,,,,,,,,,,,,
male,Mr.,Eugene,,,,,,,,,,,,,,
female,Mrs.,Della,,,,,,,,,,,,,,
female,Ms.,Amy,,,,,,,,,,,,,,
female,Ms.,Norma,,,,,,,,,,,,,,
female,Mrs.,Hazel,,,,,,,,,,,,,,
male,Mr.,John,,,,,,,,,,,,,,
female,Ms.,Lori,,,,,,,,,,,,,,
female,Ms.,Carlotta,,,,,,,,,,,,,,
male,Mr.,Erik,,,,,,,,,,,,,,
female,Mrs.,Margaret,,,,,,,,,,,,,,
female,Ms.,Nereida,,,,,,,,,,,,,,
female,Ms.,Shirley,,,,,,,,,,,,,,
male,Mr.,Glenn,,,,,,,,,,,,,,
female,Ms.,Lillie,,,,,,,,,,,,,,
male,Mr.,Karl,,,,,,,,,,,,,,
male,Mr.,Michael,,,,,,,,,,,,,,
male,Dr.,Jessie,,,,,,,,,,,,,,
male,Mr.,Daniel,,,,,,,,,,,,,,
male,Mr.,Moshe,,,,,,,,,,,,,,
male,Mr.,Christopher,,,,,,,,,,,,,,
female,Ms.,Mary,,,,,,,,,,,,,,
male,Mr.,Roger,,,,,,,,,,,,,,
male,Mr.,Mark,,,,,,,,,,,,,,
male,Mr.,Jonathan,,,,,,,,,,,,,,
female,Mrs.,Hwa,,,,,,,,,,,,,,
male,Mr.,Peter,,,,,,,,,,,,,,
female,Ms.,Mary,,,,,,,,,,,,,,
female,Mrs.,Amy,,,,,,,,,,,,,,
male,Dr.,Fred,,,,,,,,,,,,,,
female,Ms.,Nancy,,,,,,,,,,,,,,
female,Ms.,Teresita,,,,,,,,,,,,,,
male,Mr.,Steve,,,,,,,,,,,,,,
male,Mr.,Danny,,,,,,,,,,,,,,
male,Mr.,Anthony,,,,,,,,,,,,,,
female,Dr.,Carol,,,,,,,,,,,,,,
female,Mrs.,Patricia,,,,,,,,,,,,,,
female,Ms.,Diane,,,,,,,,,,,,,,
male,Mr.,Francisco,,,,,,,,,,,,,,
male,Mr.,Eugene,,,,,,,,,,,,,,
male,Mr.,William,,,,,,,,,,,,,,
male,Mr.,Emile,,,,,,,,,,,,,,
female,Ms.,Jacqueline,,,,,,,,,,,,,,
male,Mr.,Matthew,,,,,,,,,,,,,,
female,Ms.,Mary,,,,,,,,,,,,,,
female,Ms.,Carolina,,,,,,,,,,,,,,
male,Dr.,Lawrence,,,,,,,,,,,,,,
female,Mrs.,Chanel,,,,,,,,,,,,,,
female,Mrs.,Addie,,,,,,,,,,,,,,
male,Mr.,Larry,,,,,,,,,,,,,,
male,Mr.,David,,,,,,,,,,,,,,
male,Mr.,George,,,,,,,,,,,,,,
male,Mr.,Gregory,,,,,,,,,,,,,,
male,Mr.,Nicholas,,,,,,,,,,,,,,
male,Mr.,Charles,,,,,,,,,,,,,,
female,Dr.,Shirley,,,,,,,,,,,,,,
male,Mr.,Bobby,,,,,,,,,,,,,,
female,Ms.,Deborah,,,,,,,,,,,,,,
male,Mr.,Robert,,,,,,,,,,,,,,
male,Mr.,Robert,,,,,,,,,,,,,,
male,Mr.,Donald,,,,,,,,,,,,,,
male,Mr.,Scott,,,,,,,,,,,,,,
male,Mr.,Christopher,,,,,,,,,,,,,,
female,Ms.,Karen,,,,,,,,,,,,,,
male,Mr.,Hugo,,,,,,,,,,,,,,
female,Mrs.,Natalie,,,,,,,,,,,,,,
male,Mr.,James,,,,,,,,,,,,,,
male,Mr.,David,,,,,,,,,,,,,,
male,Mr.,Charles,,,,,,,,,,,,,,
female,Ms.,Patricia,,,,,,,,,,,,,,
male,Mr.,Kenneth,,,,,,,,,,,,,,
male,Mr.,David,,,,,,,,,,,,,,
male,Mr.,John,,,,,,,,,,,,,,
male,Mr.,Anthony,,,,,,,,,,,,,,
male,Mr.,Ray,,,,,,,,,,,,,,
female,Mrs.,Dorothy,,,,,,,,,,,,,,
female,Mrs.,Deborah,,,,,,,,,,,,,,
female,Mrs.,Rhoda,,,,,,,,,,,,,,
male,Mr.,Robert,,,,,,,,,,,,,,
male,Mr.,James,,,,,,,,,,,,,,
male,Mr.,Michael,,,,,,,,,,,,,,
female,Ms.,Anna,,,,,,,,,,,,,,
female,Ms.,Debra,,,,,,,,,,,,,,
male,Mr.,Douglas,,,,,,,,,,,,,,
female,Mrs.,Marissa,,,,,,,,,,,,,,
male,Mr.,Mac,,,,,,,,,,,,,,
male,Mr.,Paul,,,,,,,,,,,,,,
female,Mrs.,Connie,,,,,,,,,,,,,,
male,Mr.,Timothy,,,,,,,,,,,,,,
female,Ms.,Jamie,,,,,,,,,,,,,,
male,Mr.,David,,,,,,,,,,,,,,
male,Mr.,Faustino,,,,,,,,,,,,,,
male,Mr.,Rob,,,,,,,,,,,,,,
male,Mr.,Ronald,,,,,,,,,,,,,,
female,Dr.,Renee,,,,,,,,,,,,,,
female,Mrs.,Mary,,,,,,,,,,,,,,
female,Ms.,Kerri,,,,,,,,,,,,,,
male,Mr.,Dean,,,,,,,,,,,,,,
male,Mr.,Jonathon,,,,,,,,,,,,,,
male,Mr.,Todd,,,,,,,,,,,,,,
male,Mr.,Gilbert,,,,,,,,,,,,,,
male,Mr.,Joseph,,,,,,,,,,,,,,
male,Mr.,Karl,,,,,,,,,,,,,,
male,Mr.,John,,,,,,,,,,,,,,
female,Mrs.,Rachel,,,,,,,,,,,,,,
female,Mrs.,Tanya,,,,,,,,,,,,,,
male,Mr.,Derek,,,,,,,,,,,,,,
male,Mr.,Howard,,,,,,,,,,,,,,
female,Ms.,Liliana,,,,,,,,,,,,,,
male,Mr.,Otis,,,,,,,,,,,,,,
male,Mr.,Charles,,,,,,,,,,,,,,
male,Mr.,Scott,,,,,,,,,,,,,,
female,Ms.,Myrtle,,,,,,,,,,,,,,
male,Mr.,Garry,,,,,,,,,,,,,,
male,Mr.,Michael,,,,,,,,,,,,,,
female,Ms.,Ashley,,,,,,,,,,,,,,
female,Mrs.,Patricia,,,,,,,,,,,,,,
female,Mrs.,Felicia,,,,,,,,,,,,,,
female,Ms.,Barbara,,,,,,,,,,,,,,
female,Mrs.,Ollie,,,,,,,,,,,,,,
female,Ms.,Julianne,,,,,,,,,,,,,,
female,Mrs.,Theresa,,,,,,,,,,,,,,
male,Mr.,George,,,,,,,,,,,,,,
male,Mr.,Erick,,,,,,,,,,,,,,
male,Mr.,Christopher,,,,,,,,,,,,,,
male,Mr.,Samuel,,,,,,,,,,,,,,
female,Ms.,Katrina,,,,,,,,,,,,,,
male,Mr.,Albert,,,,,,,,,,,,,,
female,Ms.,Sonia,,,,,,,,,,,,,,
female,Mrs.,Geraldine,,,,,,,,,,,,,,
male,Mr.,Mark,,,,,,,,,,,,,,
male,Mr.,Marc,,,,,,,,,,,,,,
male,Mr.,Charles,,,,,,,,,,,,,,
female,Ms.,Theresa,,,,,,,,,,,,,,
male,Mr.,Julius,,,,,,,,,,,,,,
male,Mr.,Paul,,,,,,,,,,,,,,
female,Ms.,Evelyn,,,,,,,,,,,,,,
female,Mrs.,Peggy,,,,,,,,,,,,,,
female,Ms.,Bridget,,,,,,,,,,,,,,
female,Ms.,Priscilla,,,,,,,,,,,,,,
male,Mr.,Albert,,,,,,,,,,,,,,
female,Ms.,Amy,,,,,,,,,,,,,,
female,Ms.,Ruby,,,,,,,,,,,,,,
female,Ms.,Elizabeth,,,,,,,,,,,,,,
female,Mrs.,Reva,,,,,,,,,,,,,,
female,Mrs.,Clair,,,,,,,,,,,,,,
male,Mr.,Logan,,,,,,,,,,,,,,
male,Dr.,Edward,,,,,,,,,,,,,,
female,Mrs.,Betty,,,,,,,,,,,,,,
male,Mr.,Richard,,,,,,,,,,,,,,
male,Mr.,Daniel,,,,,,,,,,,,,,
male,Mr.,Adrian,,,,,,,,,,,,,,
female,Ms.,Vanessa,,,,,,,,,,,,,,
male,Mr.,David,,,,,,,,,,,,,,
female,Mrs.,Catherine,,,,,,,,,,,,,,
male,Mr.,Michael,,,,,,,,,,,,,,
male,Mr.,Jacob,,,,,,,,,,,,,,
male,Mr.,Frederick,,,,,,,,,,,,,,
female,Ms.,Lai,,,,,,,,,,,,,,
female,Mrs.,Susan,,,,,,,,,,,,,,
male,Mr.,Andrew,,,,,,,,,,,,,,
female,Ms.,Mary,,,,,,,,,,,,,,
male,Mr.,Gerald,,,,,,,,,,,,,,
female,Mrs.,Anna,,,,,,,,,,,,,,
female,Ms.,Alyson,,,,,,,,,,,,,,
male,Mr.,Christopher,,,,,,,,,,,,,,
male,Mr.,James,,,,,,,,,,,,,,
male,Mr.,Randal,,,,,,,,,,,,,,
female,Ms.,Kathleen,,,,,,,,,,,,,,
male,Mr.,Thomas,,,,,,,,,,,,,,
female,Mrs.,Kristi,,,,,,,,,,,,,,
female,Ms.,Judith,,,,,,,,,,,,,,
male,Mr.,Stan,,,,,,,,,,,,,,
female,Ms.,Vincenza,,,,,,,,,,,,,,
female,Mrs.,Theresa,,,,,,,,,,,,,,
male,Mr.,William,,,,,,,,,,,,,,
female,Mrs.,Agnes,,,,,,,,,,,,,,
male,Mr.,Garfield,,,,,,,,,,,,,,
female,Ms.,Pauline,,,,,,,,,,,,,,
male,Mr.,Aaron,,,,,,,,,,,,,,
female,Ms.,Marie,,,,,,,,,,,,,,
female,Ms.,Cora,,,,,,,,,,,,,,
male,Mr.,Bruce,,,,,,,,,,,,,,
female,Mrs.,Jolanda,,,,,,,,,,,,,,
male,Mr.,Leon,,,,,,,,,,,,,,
female,Mrs.,Esther,,,,,,,,,,,,,,
male,Mr.,Robert,,,,,,,,,,,,,,
female,Mrs.,Ida,,,,,,,,,,,,,,
female,Ms.,Astrid,,,,,,,,,,,,,,
female,Ms.,June,,,,,,,,,,,,,,
male,Mr.,James,,,,,,,,,,,,,,
male,Mr.,Jeffrey,,,,,,,,,,,,,,
male,Mr.,Merle,,,,,,,,,,,,,,
male,Mr.,James,,,,,,,,,,,,,,
male,Mr.,Stephen,,,,,,,,,,,,,,
female,Mrs.,Helen,,,,,,,,,,,,,,
male,Mr.,David,,,,,,,,,,,,,,
male,Mr.,Phillip,,,,,,,,,,,,,,
male,Mr.,John,,,,,,,,,,,,,,
male,Mr.,Fred,,,,,,,,,,,,,,
male,Mr.,Fred,,,,,,,,,,,,,,
male,Mr.,John,,,,,,,,,,,,,,
female,Mrs.,Kathleen,,,,,,,,,,,,,,
female,Mrs.,Mary,,,,,,,,,,,,,,
female,Mrs.,Nina,,,,,,,,,,,,,,
female,Mrs.,Pamela,,,,,,,,,,,,,,
male,Mr.,Michael,,,,,,,,,,,,,,
female,Ms.,Nellie,,,,,,,,,,,,,,
female,Mrs.,Kathleen,,,,,,,,,,,,,,
female,Mrs.,Cruz,,,,,,,,,,,,,,
female,Ms.,Betty,,,,,,,,,,,,,,
male,Mr.,Elias,,,,,,,,,,,,,,
male,Mr.,David,,,,,,,,,,,,,,
female,Ms.,Samantha,,,,,,,,,,,,,,
male,Mr.,Michael,,,,,,,,,,,,,,
female,Ms.,Jennie,,,,,,,,,,,,,,
female,Ms.,Martina,,,,,,,,,,,,,,
female,Ms.,Karen,,,,,,,,,,,,,,
female,Mrs.,Brenda,,,,,,,,,,,,,,
female,Ms.,Jane,,,,,,,,,,,,,,
female,Ms.,Pauline,,,,,,,,,,,,,,
male,Mr.,Henry,,,,,,,,,,,,,,
male,Dr.,Michael,,,,,,,,,,,,,,
female,Mrs.,Stephanie,,,,,,,,,,,,,,
male,Mr.,Paul,,,,,,,,,,,,,,
female,Mrs.,Amie,,,,,,,,,,,,,,
male,Mr.,Roland,,,,,,,,,,,,,,
male,Mr.,Sidney,,,,,,,,,,,,,,
male,Mr.,James,,,,,,,,,,,,,,
male,Mr.,Harold,,,,,,,,,,,,,,
male,Mr.,Miguel,,,,,,,,,,,,,,
female,Ms.,Cicely,,,,,,,,,,,,,,
male,Mr.,Dave,,,,,,,,,,,,,,
male,Mr.,Daniel,,,,,,,,,,,,,,
male,Mr.,Paul,,,,,,,,,,,,,,
female,Ms.,Goldie,,,,,,,,,,,,,,
female,Mrs.,Janice,,,,,,,,,,,,,,
female,Mrs.,Julie,,,,,,,,,,,,,,
male,Mr.,Luis,,,,,,,,,,,,,,
female,Ms.,Willie,,,,,,,,,,,,,,
male,Mr.,Levi,,,,,,,,,,,,,,
female,Ms.,Candace,,,,,,,,,,,,,,
male,Mr.,Benito,,,,,,,,,,,,,,
male,Mr.,John,,,,,,,,,,,,,,
male,Mr.,Richard,,,,,,,,,,,,,,
female,Ms.,Heidi,,,,,,,,,,,,,,
male,Mr.,Wilbur,,,,,,,,,,,,,,
male,Mr.,Laurence,,,,,,,,,,,,,,
female,Mrs.,Nancy,,,,,,,,,,,,,,
female,Dr.,Heather,,,,,,,,,,,,,,
male,Mr.,Michael,,,,,,,,,,,,,,
female,Ms.,Angel,,,,,,,,,,,,,,
male,Mr.,Robert,,,,,,,,,,,,,,
female,Ms.,Carrie,,,,,,,,,,,,,,
male,Mr.,Gary,,,,,,,,,,,,,,
female,Mrs.,Dorothy,,,,,,,,,,,,,,
male,Mr.,Raymond,,,,,,,,,,,,,,
male,Mr.,Richard,,,,,,,,,,,,,,
female,Ms.,Emma,,,,,,,,,,,,,,
male,Mr.,William,,,,,,,,,,,,,,
male,Mr.,Spencer,,,,,,,,,,,,,,
male,Mr.,Rudolph,,,,,,,,,,,,,,
male,Mr.,Todd,,,,,,,,,,,,,,
male,Mr.,Duncan,,,,,,,,,,,,,,
male,Mr.,Kerry,,,,,,,,,,,,,,
male,Mr.,Jose,,,,,,,,,,,,,,
female,Ms.,Melissa,,,,,,,,,,,,,,
male,Mr.,Everett,,,,,,,,,,,,,,
female,Mrs.,Lenora,,,,,,,,,,,,,,
female,Mrs.,Kristen,,,,,,,,,,,,,,
male,Mr.,Jonathan,,,,,,,,,,,,,,
female,Ms.,Sabra,,,,,,,,,,,,,,
female,Ms.,Annie,,,,,,,,,,,,,,
male,Mr.,Calvin,,,,,,,,,,,,,,
female,Mrs.,Carolyn,,,,,,,,,,,,,,
male,Dr.,Joseph,,,,,,,,,,,,,,
female,Dr.,Cecil,,,,,,,,,,,,,,
male,Mr.,Jeffery,,,,,,,,,,,,,,
male,Mr.,Bob,,,,,,,,,,,,,,
female,Ms.,Lisa,,,,,,,,,,,,,,
male,Mr.,Carl,,,,,,,,,,,,,,
female,Mrs.,Lorna,,,,,,,,,,,,,,
male,Dr.,John,,,,,,,,,,,,,,
male,Mr.,Andrew,,,,,,,,,,,,,,
male,Mr.,Donald,,,,,,,,,,,,,,
female,Mrs.,Chasity,,,,,,,,,,,,,,
male,Mr.,Paul,,,,,,,,,,,,,,
male,Mr.,Jordon,,,,,,,,,,,,,,
female,Ms.,Barbara,,,,,,,,,,,,,,
female,Ms.,Dorothy,,,,,,,,,,,,,,
male,Mr.,Mathew,,,,,,,,,,,,,,
female,Ms.,Edna,,,,,,,,,,,,,,
male,Mr.,Loren,,,,,,,,,,,,,,
male,Mr.,Thomas,,,,,,,,,,,,,,
male,Mr.,Eugene,,,,,,,,,,,,,,
female,Ms.,Maryetta,,,,,,,,,,,,,,
female,Dr.,Stacy,,,,,,,,,,,,,,
female,Ms.,Joan,,,,,,,,,,,,,,
male,Mr.,Antonio,,,,,,,,,,,,,,
male,Mr.,Darrell,,,,,,,,,,,,,,
female,Mrs.,Kristen,,,,,,,,,,,,,,
male,Dr.,Justin,,,,,,,,,,,,,,
female,Mrs.,Elaine,,,,,,,,,,,,,,
female,Ms.,Patricia,,,,,,,,,,,,,,
male,Dr.,Glenn,,,,,,,,,,,,,,
female,Ms.,Mary,,,,,,,,,,,,,,
male,Mr.,Brandon,,,,,,,,,,,,,,
female,Mrs.,Julia,,,,,,,,,,,,,,
male,Mr.,William,,,,,,,,,,,,,,
female,Dr.,Tess,,,,,,,,,,,,,,
female,Ms.,Aleida,,,,,,,,,,,,,,
female,Mrs.,Bernadette,,,,,,,,,,,,,,
female,Mrs.,Darlene,,,,,,,,,,,,,,
male,Mr.,Lou,,,,,,,,,,,,,,
male,Mr.,Robert,,,,,,,,,,,,,,
female,Ms.,Nancy,,,,,,,,,,,,,,
male,Dr.,Sidney,,,,,,,,,,,,,,
female,Mrs.,Wilma,,,,,,,,,,,,,,
female,Ms.,Joan,,,,,,,,,,,,,,
female,Mrs.,Elizabeth,,,,,,,,,,,,,,
male,Mr.,Robert,,,,,,,,,,,,,,
female,Mrs.,Mildred,,,,,,,,,,,,,,
male,Mr.,Clay,,,,,,,,,,,,,,
male,Mr.,Steven,,,,,,,,,,,,,,
male,Mr.,Owen,,,,,,,,,,,,,,
female,Ms.,Jennifer,,,,,,,,,,,,,,
male,Mr.,Justin,,,,,,,,,,,,,,
male,Mr.,Scott,,,,,,,,,,,,,,
female,Mrs.,Johanna,,,,,,,,,,,,,,
female,Mrs.,Marie,,,,,,,,,,,,,,
female,Mrs.,Amy,,,,,,,,,,,,,,
male,Mr.,Andrew,,,,,,,,,,,,,,
male,Mr.,Gerald,,,,,,,,,,,,,,
male,Mr.,Daniel,,,,,,,,,,,,,,
male,Mr.,Luke,,,,,,,,,,,,,,
female,Ms.,Bonnie,,,,,,,,,,,,,,
female,Mrs.,Juanita,,,,,,,,,,,,,,
female,Mrs.,Noelle,,,,,,,,,,,,,,
male,Mr.,James,,,,,,,,,,,,,,
male,Mr.,Jason,,,,,,,,,,,,,,
female,Ms.,Shirley,,,,,,,,,,,,,,
female,Mrs.,Margie,,,,,,,,,,,,,,
female,Ms.,Sarah,,,,,,,,,,,,,,
male,Mr.,Fernando,,,,,,,,,,,,,,
male,Mr.,Sammy,,,,,,,,,,,,,,
female,Mrs.,Hilda,,,,,,,,,,,,,,
female,Dr.,Mavis,,,,,,,,,,,,,,
female,Ms.,Lucille,,,,,,,,,,,,,,
male,Mr.,Jerry,,,,,,,,,,,,,,
male,Mr.,Devin,,,,,,,,,,,,,,
male,Mr.,William,,,,,,,,,,,,,,
female,Ms.,Staci,,,,,,,,,,,,,,
male,Mr.,Lee,,,,,,,,,,,,,,
female,Ms.,Monica,,,,,,,,,,,,,,
male,Mr.,Eldridge,,,,,,,,,,,,,,
male,Mr.,David,,,,,,,,,,,,,,
male,Mr.,Brian,,,,,,,,,,,,,,
female,Ms.,Cynthia,,,,,,,,,,,,,,
female,Mrs.,Faye,,,,,,,,,,,,,,
female,Ms.,Theresa,,,,,,,,,,,,,,
male,Mr.,Ike,,,,,,,,,,,,,,
male,Mr.,Robert,,,,,,,,,,,,,,
male,Mr.,Paul,,,,,,,,,,,,,,
female,Ms.,Latonia,,,,,,,,,,,,,,
male,Mr.,Steven,,,,,,,,,,,,,,
female,Mrs.,Kimberly,,,,,,,,,,,,,,
female,Mrs.,Raylene,,,,,,,,,,,,,,
male,Mr.,Leon,,,,,,,,,,,,,,
male,Mr.,Adolph,,,,,,,,,,,,,,
male,Mr.,Jesse,,,,,,,,,,,,,,
female,Ms.,Joann,,,,,,,,,,,,,,
female,Ms.,Gayla,,,,,,,,,,,,,,
female,Ms.,Nancy,,,,,,,,,,,,,,
female,Ms.,Jessica,,,,,,,,,,,,,,
male,Mr.,David,,,,,,,,,,,,,,
female,Mrs.,Pearl,,,,,,,,,,,,,,
female,Ms.,Jill,,,,,,,,,,,,,,
male,Mr.,Ezequiel,,,,,,,,,,,,,,
female,Ms.,Bonnie,,,,,,,,,,,,,,
female,Mrs.,Minnie,,,,,,,,,,,,,,
female,Dr.,Libby,,,,,,,,,,,,,,
female,Ms.,Amber,,,,,,,,,,,,,,
female,Mrs.,Bridget,,,,,,,,,,,,,,
male,Mr.,Virgil,,,,,,,,,,,,,,
female,Mrs.,Lucinda,,,,,,,,,,,,,,
male,Mr.,Tyler,,,,,,,,,,,,,,
male,Mr.,Theodore,,,,,,,,,,,,,,
male,Mr.,Glen,,,,,,,,,,,,,,
female,Ms.,Emily,,,,,,,,,,,,,,
male,Mr.,Kevin,,,,,,,,,,,,,,
female,Ms.,Jane,,,,,,,,,,,,,,
female,Mrs.,Stephanie,,,,,,,,,,,,,,
male,Mr.,Louis,,,,,,,,,,,,,,
male,Mr.,Michael,,,,,,,,,,,,,,
female,Ms.,Judy,,,,,,,,,,,,,,
male,Mr.,Jerry,,,,,,,,,,,,,,
female,Ms.,Doreen,,,,,,,,,,,,,,
male,Mr.,Derek,,,,,,,,,,,,,,
female,Mrs.,Karla,,,,,,,,,,,,,,
male,Mr.,Jon,,,,,,,,,,,,,,
female,Mrs.,Christopher,,,,,,,,,,,,,,
female,Mrs.,Delores,,,,,,,,,,,,,,
male,Mr.,Michael,,,,,,,,,,,,,,
male,Mr.,Donald,,,,,,,,,,,,,,
male,Mr.,Jerald,,,,,,,,,,,,,,
female,Ms.,Lisa,,,,,,,,,,,,,,
male,Mr.,Mike,,,,,,,,,,,,,,
male,Mr.,Phillip,,,,,,,,,,,,,,
male,Mr.,Joshua,,,,,,,,,,,,,,
female,Mrs.,Susan,,,,,,,,,,,,,,
female,Mrs.,Stephanie,,,,,,,,,,,,,,A+
female,Ms.,Verna,,,,,,,,,,,,,,
male,Mr.,Neil,,,,,,,,,,,,,,
male,Mr.,Jonathan,,,,,,,,,,,,,,
male,Mr.,Ray,,,,,,,,,,,,,,
male,Mr.,Kevin,,,,,,,,,,,,,,
male,Mr.,Thomas,,,,,,,,,,,,,,
female,Ms.,Esther,,,,,,,,,,,,,,
female,Ms.,Sarah,,,,,,,,,,,,,,
male,Mr.,Stephen,,,,,,,,,,,,,,
male,Mr.,Jorge,,,,,,,,,,,,,,
male,Mr.,Otis,,,,,,,,,,,,,,
male,Mr.,Jason,,,,,,,,,,,,,,
female,Ms.,Eva,,,,,,,,,,,,,,
male,Mr.,Dallas,,,,,,,,,,,,,,
female,Dr.,Donna,,,,,,,,,,,,,,
female,Mrs.,Sara,,,,,,,,,,,,,,
male,Mr.,Robert,,,,,,,,,,,,,,
male,Mr.,James,,,,,,,,,,,,,,
male,Mr.,Richard,,,,,,,,,,,,,,
male,Mr.,Olen,,,,,,,,,,,,,,
female,Ms.,Elizabeth,,,,,,,,,,,,,,
female,Mrs.,Mary,,,,,,,,,,,,,,
female,Mrs.,Shelia,,,,,,,,,,,,,,
male,Mr.,Ernest,,,,,,,,,,,,,,
female,Mrs.,Jessie,,,,,,,,,,,,,,
male,Mr.,Edward,,,,,,,,,,,,,,
female,Mrs.,Natalie,,,,,,,,,,,,,,
male,Mr.,Larry,,,,,,,,,,,,,,
female,Ms.,Kimberly,,,,,,,,,,,,,,
male,Mr.,James,,,,,,,,,,,,,,
male,Mr.,Christopher,,,,,,,,,,,,,,
male,Mr.,Chad,,,,,,,,,,,,,,
male,Mr.,Donald,,,,,,,,,,,,,,
male,Mr.,William,,,,,,,,,,,,,,
female,Dr.,Marlena,,,,,,,,,,,,,,
female,Mrs.,Karen,,,,,,,,,,,,,,
female,Dr.,Billie,,,,,,,,,,,,,,
female,Ms.,Rose,,,,,,,,,,,,,,
male,Mr.,Waldo,,,,,,,,,,,,,,
male,Mr.,Travis,,,,,,,,,,,,,,
female,Ms.,Erica,,,,,,,,,,,,,,
female,Mrs.,Betty,,,,,,,,,,,,,,
male,Mr.,Albert,,,,,,,,,,,,,,
male,Mr.,Greg,,,,,,,,,,,,,,
female,Mrs.,Janet,,,,,,,,,,,,,,
female,Mrs.,Raquel,,,,,,,,,,,,,,
female,Mrs.,Mary,,,,,,,,,,,,,,
male,Mr.,Jerry,,,,,,,,,,,,,,
male,Mr.,Richard,,,,,,,,,,,,,,
male,Mr.,Jim,,,,,,,,,,,,,,
male,Mr.,Isidro,,,,,,,,,,,,,,
female,Ms.,Kathleen,,,,,,,,,,,,,,
female,Mrs.,Amy,,,,,,,,,,,,,,
female,Ms.,Chandra,,,,,,,,,,,,,,
female,Mrs.,Katy,,,,,,,,,,,,,,
male,Mr.,Richard,,,,,,,,,,,,,,
male,Mr.,William,,,,,,,,,,,,,,
female,Mrs.,Mary,,,,,,,,,,,,,,
male,Mr.,Peter,,,,,,,,,,,,,,
male,Mr.,Enrique,,,,,,,,,,,,,,
female,Mrs.,Sherry,,,,,,,,,,,,,,
male,Mr.,Vernon,,,,,,,,,,,,,,
female,Mrs.,Linda,,,,,,,,,,,,,,
female,Ms.,Sylvia,,,,,,,,,,,,,,
male,Mr.,Timothy,,,,,,,,,,,,,,
female,Mrs.,Patty,,,,,,,,,,,,,,
male,Mr.,John,,,,,,,,,,,,,,
male,Mr.,Christopher,,,,,,,,,,,,,,
male,Mr.,Heath,,,,,,,,,,,,,,
female,Mrs.,Julia,,,,,,,,,,,,,,
female,Mrs.,Sondra,,,,,,,,,,,,,,
female,Ms.,Mary,,,,,,,,,,,,,,
female,Ms.,Mary,,,,,,,,,,,,,,
male,Mr.,Gerardo,,,,,,,,,,,,,,
male,Dr.,William,,,,,,,,,,,,,,
female,Ms.,Evelyn,,,,,,,,,,,,,,
male,Mr.,Paul,,,,,,,,,,,,,,
female,Mrs.,Katie,,,,,,,,,,,,,,
male,Mr.,Fernando,,,,,,,,,,,,,,
male,Mr.,Harold,,,,,,,,,,,,,,
male,Mr.,Charles,,,,,,,,,,,,,,
male,Mr.,Daniel,,,,,,,,,,,,,,
male,Mr.,Winston,,,,,,,,,,,,,,
male,Mr.,Michael,,,,,,,,,,,,,,
female,Ms.,Carol,,,,,,,,,,,,,,
male,Mr.,Dale,,,,,,,,,,,,,,
male,Mr.,Joseph,,,,,,,,,,,,,,
female,Mrs.,Kimberly,,,,,,,,,,,,,,
female,Mrs.,Josephine,,,,,,,,,,,,,,
female,Ms.,Marilyn,,,,,,,,,,,,,,
male,Mr.,Dewitt,,,,,,,,,,,,,,
male,Mr.,Chung,,,,,,,,,,,,,,
female,Mrs.,Barbara,,,,,,,,,,,,,,
female,Ms.,Marta,,,,,,,,,,,,,,
female,Mrs.,Luz,,,,,,,,,,,,,,
female,Ms.,Bonnie,,,,,,,,,,,,,,
male,Mr.,Roger,,,,,,,,,,,,,,
female,Mrs.,Dorothy,,,,,,,,,,,,,,
male,Mr.,Derrick,,,,,,,,,,,,,,
male,Mr.,Robert,,,,,,,,,,,,,,
female,Dr.,Kristen,,,,,,,,,,,,,,
male,Mr.,Nicholas,,,,,,,,,,,,,,
male,Mr.,Blaine,,,,,,,,,,,,,,
male,Mr.,Timothy,,,,,,,,,,,,,,
female,Mrs.,Christina,,,,,,,,,,,,,,
female,Ms.,Mattie,,,,,,,,,,,,,,
male,Mr.,Jose,,,,,,,,,,,,,,
male,Mr.,Tyrone,,,,,,,,,,,,,,
male,Mr.,Christopher,,,,,,,,,,,,,,
female,Ms.,Shirley,,,,,,,,,,,,,,
female,Mrs.,Eleanor,,,,,,,,,,,,,,
male,Mr.,Kyle,,,,,,,,,,,,,,
female,Mrs.,Iris,,,,,,,,,,,,,,
female,Ms.,India,,,,,,,,,,,,,,
female,Ms.,Erma,,,,,,,,,,,,,,
male,Dr.,Brandon,,,,,,,,,,,,,,
male,Mr.,Seth,,,,,,,,,,,,,,
male,Mr.,Bobby,,,,,,,,,,,,,,
female,Mrs.,Beatrice,,,,,,,,,,,,,,
female,Mrs.,Lynn,,,,,,,,,,,,,,
female,Mrs.,Wanda,,,,,,,,,,,,,,
male,Mr.,Chase,,,,,,,,,,,,,,
male,Mr.,Curtis,,,,,,,,,,,,,,
male,Mr.,Robert,,,,,,,,,,,,,,
male,Mr.,Benjamin,,,,,,,,,,,,,,
male,Mr.,Paul,,,,,,,,,,,,,,
male,Dr.,Alfred,,,,,,,,,,,,,,
female,Ms.,Brenda,,,,,,,,,,,,,,
male,Mr.,Jason,,,,,,,,,,,,,,
male,Mr.,Craig,,,,,,,,,,,,,,
female,Mrs.,Lori,,,,,,,,,,,,,,
female,Mrs.,Mary,,,,,,,,,,,,,,
male,Mr.,Peter,,,,,,,,,,,,,,
female,Ms.,Felicia,,,,,,,,,,,,,,
male,Mr.,Jose,,,,,,,,,,,,,,
female,Ms.,Gladys,,,,,,,,,,,,,,
female,Ms.,Gretchen,,,,,,,,,,,,,,
female,Ms.,Christine,,,,,,,,,,,,,,
female,Ms.,Susan,,,,,,,,,,,,,,
male,Mr.,Matthew,,,,,,,,,,,,,,
male,Mr.,Donald,,,,,,,,,,,,,,
female,Mrs.,Linda,,,,,,,,,,,,,,
female,Ms.,Cheryl,,,,,,,,,,,,,,
female,Ms.,Rose,,,,,,,,,,,,,,
male,Mr.,Chester,,,,,,,,,,,,,,
male,Mr.,Alex,,,,,,,,,,,,,,
female,Ms.,Melissa,,,,,,,,,,,,,,
female,Mrs.,Dorthy,,,,,,,,,,,,,,
male,Mr.,Dean,,,,,,,,,,,,,,
male,Mr.,Joseph,,,,,,,,,,,,,,
male,Mr.,William,,,,,,,,,,,,,,
male,Mr.,Harry,,,,,,,,,,,,,,
male,Mr.,Ronald,,,,,,,,,,,,,,
female,Mrs.,Danielle,,,,,,,,,,,,,,
female,Ms.,Gloria,,,,,,,,,,,,,,
male,Mr.,Wilbur,,,,,,,,,,,,,,
female,Ms.,Victoria,,,,,,,,,,,,,,
female,Mrs.,Jean,,,,,,,,,,,,,,
female,Ms.,Frances,,,,,,,,,,,,,,
male,Mr.,Jeffrey,,,,,,,,,,,,,,
female,Mrs.,Esther,,,,,,,,,,,,,,
female,Mrs.,Norma,,,,,,,,,,,,,,
male,Mr.,Timothy,,,,,,,,,,,,,,
male,Mr.,William,,,,,,,,,,,,,,
female,Mrs.,Linda,,,,,,,,,,,,,,
male,Mr.,Raymond,,,,,,,,,,,,,,
male,Mr.,Douglas,,,,,,,,,,,,,,
male,Mr.,George,,,,,,,,,,,,,,
male,Mr.,Jeffery,,,,,,,,,,,,,,
female,Mrs.,Christen,,,,,,,,,,,,,,
female,Ms.,Carrie,,,,,,,,,,,,,,
female,Ms.,Maxine,,,,,,,,,,,,,,
female,Ms.,Marlene,,,,,,,,,,,,,,
female,Mrs.,Michelle,,,,,,,,,,,,,,
male,Mr.,Frank,,,,,,,,,,,,,,
male,Mr.,Joseph,,,,,,,,,,,,,,
female,Mrs.,Mitzi,,,,,,,,,,,,,,
female,Mrs.,Maria,,,,,,,,,,,,,,
male,Mr.,Andrew,,,,,,,,,,,,,,
male,Mr.,Melvin,,,,,,,,,,,,,,
male,Mr.,James,,,,,,,,,,,,,,
male,Mr.,Floyd,,,,,,,,,,,,,,
female,Mrs.,Darlene,,,,,,,,,,,,,,
male,Mr.,Richard,,,,,,,,,,,,,,
female,Ms.,Paula,,,,,,,,,,,,,,
male,Mr.,Donald,,,,,,,,,,,,,,
female,Ms.,Maricela,,,,,,,,,,,,,,
female,Ms.,Janet,,,,,,,,,,,,,,
male,Mr.,Robert,,,,,,,,,,,,,,
female,Mrs.,Beulah,,,,,,,,,,,,,,
male,Mr.,Theodore,,,,,,,,,,,,,,
female,Ms.,Dora,,,,,,,,,,,,,,
female,Mrs.,Marie,,,,,,,,,,,,,,
male,Mr.,Alan,,,,,,,,,,,,,,
male,Mr.,Bret,,,,,,,,,,,,,,
female,Mrs.,Trudy,,,,,,,,,,,,,,
female,Mrs.,Christie,,,,,,,,,,,,,,
female,Mrs.,Marissa,,,,,,,,,,,,,,
female,Ms.,Henrietta,,,,,,,,,,,,,,
female,Mrs.,Claudia,,,,,,,,,,,,,,
male,Mr.,Tim,,,,,,,,,,,,,,
male,Mr.,David,,,,,,,,,,,,,,
female,Mrs.,Elizabeth,,,,,,,,,,,,,,
male,Mr.,Tracey,,,,,,,,,,,,,,
female,Mrs.,Lillian,,,,,,,,,,,,,,
female,Ms.,James,,,,,,,,,,,,,,
male,Mr.,Earnest,,,,,,,,,,,,,,
female,Mrs.,Gladys,,,,,,,,,,,,,,
male,Mr.,Carl,,,,,,,,,,,,,,
female,Ms.,Joy,,,,,,,,,,,,,,
male,Mr.,Austin,,,,,,,,,,,,,,
male,Mr.,Diego,,,,,,,,,,,,,,
male,Mr.,Alexander,,,,,,,,,,,,,,
male,Mr.,David,,,,,,,,,,,,,,
male,Mr.,Willie,,,,,,,,,,,,,,
male,Mr.,James,,,,,,,,,,,,,,
male,Mr.,Tommy,,,,,,,,,,,,,,
male,Mr.,Frank,,,,,,,,,,,,,,
female,Ms.,Jennifer,,,,,,,,,,,,,,
female,Mrs.,Geraldine,,,,,,,,,,,,,,
female,Mrs.,Geraldine,,,,,,,,,,,,,,
male,Mr.,Hector,,,,,,,,,,,,,,
female,Mrs.,Virgina,,,,,,,,,,,,,,
female,Mrs.,Raymond,,,,,,,,,,,,,,
female,Mrs.,Linda,,,,,,,,,,,,,,
female,Ms.,Tracey,,,,,,,,,,,,,,
female,Ms.,Erin,,,,,,,,,,,,,,
female,Ms.,Sherrie,,,,,,,,,,,,,,
male,Mr.,Kenneth,,,,,,,,,,,,,,
male,Mr.,Martin,,,,,,,,,,,,,,
male,Mr.,George,,,,,,,,,,,,,,
female,Mrs.,Erma,,,,,,,,,,,,,,
female,Ms.,Frances,,,,,,,,,,,,,,
female,Mrs.,Amber,,,,,,,,,,,,,,
female,Ms.,Marissa,,,,,,,,,,,,,,
male,Mr.,David,,,,,,,,,,,,,,
female,Mrs.,Thelma,,,,,,,,,,,,,,
male,Mr.,Solomon,,,,,,,,,,,,,,
male,Mr.,Steve,,,,,,,,,,,,,,
male,Mr.,Steve,,,,,,,,,,,,,,
male,Mr.,Steven,,,,,,,,,,,,,,
male,Mr.,Charles,,,,,,,,,,,,,,
male,Mr.,Reginald,,,,,,,,,,,,,,
female,Mrs.,Jessie,,,,,,,,,,,,,,
female,Mrs.,Irene,,,,,,,,,,,,,,
female,Mrs.,Merle,,,,,,,,,,,,,,
female,Ms.,Erica,,,,,,,,,,,,,,
female,Mrs.,Rosa,,,,,,,,,,,,,,
female,Ms.,Tracy,,,,,,,,,,,,,,
female,Ms.,Kelly,,,,,,,,,,,,,,
female,Ms.,Terri,,,,,,,,,,,,,,
female,Mrs.,Malissa,,,,,,,,,,,,,,
female,Mrs.,Judy,,,,,,,,,,,,,,
male,Mr.,Denis,,,,,,,,,,,,,,
female,Mrs.,Natasha,,,,,,,,,,,,,,
female,Ms.,Pat,,,,,,,,,,,,,,
male,Mr.,Gerald,,,,,,,,,,,,,,
female,Ms.,Dawn,,,,,,,,,,,,,,
female,Ms.,Rachel,,,,,,,,,,,,,,
female,Ms.,Linda,,,,,,,,,,,,,,
male,Mr.,Russell,,,,,,,,,,,,,,
male,Mr.,James,,,,,,,,,,,,,,
male,Mr.,Shawn,,,,,,,,,,,,,,
male,Mr.,Richard,,,,,,,,,,,,,,
female,Mrs.,Lisa,,,,,,,,,,,,,,
male,Mr.,Steve,,,,,,,,,,,,,,
female,Mrs.,Terri,,,,,,,,,,,,,,
male,Mr.,James,,,,,,,,,,,,,,
male,Mr.,Melvin,,,,,,,,,,,,,,
male,Mr.,Stephen,,,,,,,,,,,,,,
male,Mr.,Ray,,,,,,,,,,,,,,
female,Mrs.,Kenya,,,,,,,,,,,,,,
male,Mr.,Robert,,,,,,,,,,,,,,
female,Mrs.,Molly,,,,,,,,,,,,,,
female,Mrs.,Thelma,,,,,,,,,,,,,,
male,Mr.,William,,,,,,,,,,,,,,
male,Mr.,James,,,,,,,,,,,,,,
female,Ms.,Saundra,,,,,,,,,,,,,,
male,Mr.,Craig,,,,,,,,,,,,,,
male,Mr.,Adam,,,,,,,,,,,,,,
male,Mr.,Howard,,,,,,,,,,,,,,
female,Ms.,Carol,,,,,,,,,,,,,,
male,Mr.,Benjamin,,,,,,,,,,,,,,
female,Ms.,Ashley,,,,,,,,,,,,,,
male,Mr.,Jason,,,,,,,,,,,,,,
female,Mrs.,Naomi,,,,,,,,,,,,,,
male,Mr.,Mario,,,,,,,,,,,,,,
male,Mr.,Salvador,,,,,,,,,,,,,,
male,Mr.,Joe,,,,,,,,,,,,,,
male,Mr.,Richard,,,,,,,,,,,,,,
male,Mr.,Tommy,,,,,,,,,,,,,,
female,Ms.,Beverly,,,,,,,,,,,,,,
male,Mr.,Lee,,,,,,,,,,,,,,
female,Mrs.,Lillian,,,,,,,,,,,,,,
female,Mrs.,Cassie,,,,,,,,,,,,,,
female,Mrs.,Emily,,,,,,,,,,,,,,
female,Mrs.,Dorothy,,,,,,,,,,,,,,
male,Mr.,Steve,,,,,,,,,,,,,,
female,Ms.,Amy,,,,,,,,,,,,,,
female,Mrs.,Joann,,,,,,,,,,,,,,
male,Mr.,Jason,,,,,,,,,,,,,,
male,Mr.,Joseph,,,,,,,,,,,,,,
male,Mr.,David,,,,,,,,,,,,,,
female,Mrs.,Susan,,,,,,,,,,,,,,
female,Ms.,Michelle,,,,,,,,,,,,,,
female,Mrs.,Karen,,,,,,,,,,,,,,
male,Mr.,Randall,,,,,,,,,,,,,,
female,Mrs.,Ashley,,,,,,,,,,,,,,
female,Ms.,Edna,,,,,,,,,,,,,,
male,Mr.,Shawn,,,,,,,,,,,,,,
female,Ms.,Patricia,,,,,,,,,,,,,,
female,Mrs.,Whitley,,,,,,,,,,,,,,
female,Ms.,Donna,,,,,,,,,,,,,,
male,Mr.,George,,,,,,,,,,,,,,
male,Mr.,James,,,,,,,,,,,,,,
female,Ms.,Emily,,,,,,,,,,,,,,
female,Ms.,Shelly,,,,,,,,,,,,,,
male,Mr.,Bruce,,,,,,,,,,,,,,
male,Mr.,James,,,,,,,,,,,,,,
female,Mrs.,Lou,,,,,,,,,,,,,,
male,Mr.,Abraham,,,,,,,,,,,,,,
female,Mrs.,Tomeka,,,,,,,,,,,,,,
male,Mr.,Albert,,,,,,,,,,,,,,
female,Ms.,Nancy,,,,,,,,,,,,,,
female,Mrs.,Rebecca,,,,,,,,,,,,,,
male,Mr.,James,,,,,,,,,,,,,,
female,Ms.,Sarah,,,,,,,,,,,,,,
male,Mr.,Bruce,,,,,,,,,,,,,,
female,Mrs.,Julia,,,,,,,,,,,,,,
female,Mrs.,Mari,,,,,,,,,,,,,,
female,Mrs.,Maureen,,,,,,,,,,,,,,
male,Mr.,Wilfred,,,,,,,,,,,,,,
male,Mr.,Alan,,,,,,,,,,,,,,
female,Ms.,Jennifer,,,,,,,,,,,,,,
female,Mrs.,Myrna,,,,,,,,,,,,,,
male,Mr.,Joseph,,,,,,,,,,,,,,
male,Mr.,Evan,,,,,,,,,,,,,,
female,Mrs.,Nina,,,,,,,,,,,,,,
male,Mr.,Harry,,,,,,,,,,,,,,
male,Mr.,Arnold,,,,,,,,,,,,,,
male,Mr.,John,,,,,,,,,,,,,,
female,Mrs.,Marcia,,,,,,,,,,,,,,
male,Mr.,Jack,,,,,,,,,,,,,,
female,Ms.,Flora,,,,,,,,,,,,,,
female,Dr.,Agripina,,,,,,,,,,,,,,
male,Mr.,Jesse,,,,,,,,,,,,,,
male,Mr.,Thomas,,,,,,,,,,,,,,
male,Mr.,Jeffery,,,,,,,,,,,,,,
female,Mrs.,Agnes,,,,,,,,,,,,,,
male,Mr.,Jackie,,,,,,,,,,,,,,
male,Mr.,Timothy,,,,,,,,,,,,,,
female,Mrs.,Sophie,,,,,,,,,,,,,,
male,Mr.,Keith,,,,,,,,,,,,,,
male,Mr.,Homer,,,,,,,,,,,,,,
female,Mrs.,Jessica,,,,,,,,,,,,,,
female,Mrs.,Cindy,,,,,,,,,,,,,,
female,Ms.,Thelma,,,,,,,,,,,,,,
female,Dr.,Kendra,,,,,,,,,,,,,,
female,Ms.,Amanda,,,,,,,,,,,,,,
male,Mr.,Clarence,,,,,,,,,,,,,,
female,Ms.,Stephanie,,,,,,,,,,,,,,
male,Mr.,Richard,,,,,,,,,,,,,,
female,Mrs.,Jordan,,,,,,,,,,,,,,
female,Mrs.,Alicia,,,,,,,,,,,,,,
female,Ms.,Theresa,,,,,,,,,,,,,,
female,Ms.,Amy,,,,,,,,,,,,,,
female,Mrs.,Inez,,,,,,,,,,,,,,
female,Mrs.,Alicia,,,,,,,,,,,,,,
female,Ms.,Susan,,,,,,,,,,,,,,
male,Mr.,David,,,,,,,,,,,,,,
male,Mr.,Julius,,,,,,,,,,,,,,
male,Mr.,Kent,,,,,,,,,,,,,,
female,Mrs.,Margart,,,,,,,,,,,,,,
male,Mr.,Steve,,,,,,,,,,,,,,
male,Mr.,Clinton,,,,,,,,,,,,,,
male,Mr.,Richard,,,,,,,,,,,,,,
female,Dr.,Ruth,,,,,,,,,,,,,,
male,Mr.,John,,,,,,,,,,,,,,
female,Ms.,Barbara,,,,,,,,,,,,,,
female,Mrs.,Ada,,,,,,,,,,,,,,
male,Mr.,Christopher,,,,,,,,,,,,,,
female,Mrs.,Pauline,,,,,,,,,,,,,,
female,Mrs.,Tina,,,,,,,,,,,,,,
female,Ms.,Margaret,,,,,,,,,,,,,,
male,Mr.,Vincent,,,,,,,,,,,,,,
male,Mr.,Steven,,,,,,,,,,,,,,
female,Mrs.,Naomi,,,,,,,,,,,,,,
male,Mr.,Robert,,,,,,,,,,,,,,
female,Mrs.,Evelyn,,,,,,,,,,,,,,
female,Dr.,Maria,,,,,,,,,,,,,,
male,Mr.,Issac,,,,,,,,,,,,,,
female,Ms.,Monique,,,,,,,,,,,,,,
male,Mr.,Robert,,,,,,,,,,,,,,
female,Ms.,Alice,,,,,,,,,,,,,,
male,Mr.,Andrew,,,,,,,,,,,,,,
female,Mrs.,Cynthia,,,,,,,,,,,,,,
female,Ms.,Wilma,,,,,,,,,,,,,,
male,Mr.,Reginald,,,,,,,,,,,,,,
female,Ms.,Betty,,,,,,,,,,,,,,
male,Mr.,George,,,,,,,,,,,,,,
female,Mrs.,Corey,,,,,,,,,,,,,,
female,Mrs.,Elizabeth,,,,,,,,,,,,,,
male,Mr.,Robert,,,,,,,,,,,,,,
male,Mr.,William,,,,,,,,,,,,,,
male,Mr.,James,,,,,,,,,,,,,,
male,Mr.,Thomas,,,,,,,,,,,,,,
female,Ms.,Judith,,,,,,,,,,,,,,
female,Mrs.,Marylee,,,,,,,,,,,,,,
male,Mr.,Travis,,,,,,,,,,,,,,
female,Mrs.,Gloria,,,,,,,,,,,,,,
male,Mr.,Cory,,,,,,,,,,,,,,
female,Mrs.,Tawanda,,,,,,,,,,,,,,
male,Mr.,Donald,,,,,,,,,,,,,,
male,Mr.,Peter,,,,,,,,,,,,,,
female,Ms.,Ernestina,,,,,,,,,,,,,,
male,Mr.,David,,,,,,,,,,,,,,
female,Ms.,Christina,,,,,,,,,,,,,,
male,Mr.,Charles,,,,,,,,,,,,,,
female,Ms.,Trina,,,,,,,,,,,,,,
male,Mr.,Jeff,,,,,,,,,,,,,,
female,Mrs.,Angela,,,,,,,,,,,,,,
female,Ms.,Pauline,,,,,,,,,,,,,,
female,Mrs.,Constance,,,,,,,,,,,,,,
male,Mr.,Charles,,,,,,,,,,,,,,
male,Mr.,Weldon,,,,,,,,,,,,,,
female,Ms.,Kathy,,,,,,,,,,,,,,
female,Mrs.,Vera,,,,,,,,,,,,,,
female,Ms.,Deana,,,,,,,,,,,,,,
female,Mrs.,Tina,,,,,,,,,,,,,,
female,Ms.,Bernice,,,,,,,,,,,,,,
female,Mrs.,Jessica,,,,,,,,,,,,,,
female,Mrs.,Jamie,,,,,,,,,,,,,,
female,Mrs.,Mary,,,,,,,,,,,,,,
female,Ms.,Saundra,,,,,,,,,,,,,,
male,Mr.,Otis,,,,,,,,,,,,,,
male,Mr.,Roderick,,,,,,,,,,,,,,
female,Ms.,Jolene,,,,,,,,,,,,,,
male,Mr.,Michael,,,,,,,,,,,,,,
female,Ms.,Bobbie,,,,,,,,,,,,,,
female,Mrs.,Bernadette,,,,,,,,,,,,,,
female,Mrs.,Carmen,,,,,,,,,,,,,,
male,Dr.,Michael,,,,,,,,,,,,,,
male,Mr.,Timothy,,,,,,,,,,,,,,
male,Mr.,Brandon,,,,,,,,,,,,,,
female,Ms.,Mary,,,,,,,,,,,,,,
female,Mrs.,Ma,,,,,,,,,,,,,,
male,Mr.,Quentin,,,,,,,,,,,,,,
female,Ms.,Norma,,,,,,,,,,,,,,
male,Mr.,Corey,,,,,,,,,,,,,,
male,Mr.,Derek,,,,,,,,,,,,,,
female,Mrs.,Cynthia,,,,,,,,,,,,,,
female,Ms.,Tammy,,,,,,,,,,,,,,
female,Ms.,Mary,,,,,,,,,,,,,,
male,Mr.,Charles,,,,,,,,,,,,,,
female,Ms.,Teresa,,,,,,,,,,,,,,
female,Ms.,Tania,,,,,,,,,,,,,,
female,Mrs.,Eula,,,,,,,,,,,,,,
female,Ms.,Amber,,,,,,,,,,,,,,
female,Dr.,Jessica,,,,,,,,,,,,,,
female,Ms.,Patricia,,,,,,,,,,,,,,
male,Mr.,Jason,,,,,,,,,,,,,,
male,Dr.,Oscar,,,,,,,,,,,,,,
female,Mrs.,Charlene,,,,,,,,,,,,,,
female,Ms.,Angela,,,,,,,,,,,,,,
male,Mr.,Derek,,,,,,,,,,,,,,
male,Mr.,Bruce,,,,,,,,,,,,,,
female,Mrs.,Tracy,,,,,,,,,,,,,,
female,Mrs.,Christine,,,,,,,,,,,,,,
female,Mrs.,Holly,,,,,,,,,,,,,,
female,Ms.,Kyla,,,,,,,,,,,,,,
female,Mrs.,Lola,,,,,,,,,,,,,,
female,Mrs.,Yvonne,,,,,,,,,,,,,,
male,Mr.,German,,,,,,,,,,,,,,
female,Dr.,Rebecca,,,,,,,,,,,,,,
female,Mrs.,Florine,,,,,,,,,,,,,,
male,Mr.,Ricardo,,,,,,,,,,,,,,
female,Mrs.,Judith,,,,,,,,,,,,,,
male,Mr.,Jacob,,,,,,,,,,,,,,
male,Mr.,Albert,,,,,,,,,,,,,,
male,Mr.,Lloyd,,,,,,,,,,,,,,
male,Mr.,Christopher,,,,,,,,,,,,,,
female,Mrs.,Elease,,,,,,,,,,,,,,
female,Ms.,Willie,,,,,,,,,,,,,,
male,Mr.,Manuel,,,,,,,,,,,,,,
female,Ms.,Venice,,,,,,,,,,,,,,
female,Ms.,Lucille,,,,,,,,,,,,,,
female,Dr.,Carole,,,,,,,,,,,,,,
male,Mr.,Lloyd,,,,,,,,,,,,,,
female,Mrs.,Amber,,,,,,,,,,,,,,
male,Mr.,Sean,,,,,,,,,,,,,,
female,Mrs.,Martha,,,,,,,,,,,,,,
male,Mr.,Terry,,,,,,,,,,,,,,
female,Ms.,Barbara,,,,,,,,,,,,,,
male,Mr.,Donald,,,,,,,,,,,,,,
male,Mr.,Tomas,,,,,,,,,,,,,,
female,Mrs.,Cherie,,,,,,,,,,,,,,
female,Ms.,Bonnie,,,,,,,,,,,,,,
female,Ms.,Helen,,,,,,,,,,,,,,
female,Ms.,Margaret,,,,,,,,,,,,,,
male,Mr.,Jack,,,,,,,,,,,,,,
female,Ms.,Alice,,,,,,,,,,,,,,
female,Mrs.,Jacqueline,,,,,,,,,,,,,,
female,Mrs.,Vicki,,,,,,,,,,,,,,
male,Mr.,Shane,,,,,,,,,,,,,,
female,Ms.,Mary,,,,,,,,,,,,,,
female,Ms.,Elizabeth,,,,,,,,,,,,,,
male,Mr.,David,,,,,,,,,,,,,,
male,Mr.,Jesus,,,,,,,,,,,,,,
female,Mrs.,Marcia,,,,,,,,,,,,,,
male,Mr.,Jeffrey,,,,,,,,,,,,,,
female,Ms.,Melinda,,,,,,,,,,,,,,
male,Mr.,Rickie,,,,,,,,,,,,,,
female,Mrs.,Sharon,,,,,,,,,,,,,,
female,Mrs.,Lilia,,,,,,,,,,,,,,
female,Mrs.,Soon,,,,,,,,,,,,,,
female,Ms.,Marina,,,,,,,,,,,,,,
male,Mr.,Frank,,,,,,,,,,,,,,
female,Mrs.,Gina,,,,,,,,,,,,,,
female,Ms.,Rose,,,,,,,,,,,,,,
female,Mrs.,Susan,,,,,,,,,,,,,,
male,Mr.,Billy,,,,,,,,,,,,,,
female,Ms.,Kelly,,,,,,,,,,,,,,
female,Mrs.,Sabrina,,,,,,,,,,,,,,
male,Mr.,Gordon,,,,,,,,,,,,,,
male,Mr.,Ralph,,,,,,,,,,,,,,
female,Dr.,Wanda,,,,,,,,,,,,,,
female,Mrs.,Lois,,,,,,,,,,,,,,
female,Ms.,Dorothy,,,,,,,,,,,,,,
female,Mrs.,Ann,,,,,,,,,,,,,,
female,Ms.,Nancy,,,,,,,,,,,,,,
male,Mr.,Richard,,,,,,,,,,,,,,
male,Mr.,Paul,,,,,,,,,,,,,,
male,Mr.,David,,,,,,,,,,,,,,
female,Ms.,Deborah,,,,,,,,,,,,,,
male,Mr.,Timothy,,,,,,,,,,,,,,
female,Mrs.,Brenda,,,,,,,,,,,,,,
male,Mr.,Michael,,,,,,,,,,,,,,
male,Mr.,Antonio,,,,,,,,,,,,,,
male,Mr.,Joseph,,,,,,,,,,,,,,
male,Mr.,James,,,,,,,,,,,,,,
female,Ms.,Brittney,,,,,,,,,,,,,,
male,Mr.,Brian,,,,,,,,,,,,,,
female,Ms.,Joan,,,,,,,,,,,,,,
female,Mrs.,Melissa,,,,,,,,,,,,,,
female,Ms.,Deborah,,,,,,,,,,,,,,
female,Ms.,Marion,,,,,,,,,,,,,,
male,Mr.,Brian,,,,,,,,,,,,,,
female,Ms.,Janet,,,,,,,,,,,,,,
female,Ms.,Ivonne,,,,,,,,,,,,,,
female,Ms.,Katherine,,,,,,,,,,,,,,
female,Ms.,Frances,,,,,,,,,,,,,,
male,Mr.,Eugene,,,,,,,,,,,,,,
male,Mr.,Anthony,,,,,,,,,,,,,,
female,Ms.,Gwen,,,,,,,,,,,,,,
male,Mr.,Vincent,,,,,,,,,,,,,,
male,Mr.,Derrick,,,,,,,,,,,,,,
male,Mr.,William,,,,,,,,,,,,,,
male,Mr.,David,,,,,,,,,,,,,,
female,Ms.,Eleanor,,,,,,,,,,,,,,
male,Mr.,Robert,,,,,,,,,,,,,,
female,Mrs.,Amelia,,,,,,,,,,,,,,
female,Mrs.,Carol,,,,,,,,,,,,,,
female,Mrs.,Ann,,,,,,,,,,,,,,
female,Ms.,Doris,,,,,,,,,,,,,,
female,Ms.,Katie,,,,,,,,,,,,,,
male,Mr.,Mark,,,,,,,,,,,,,,
male,Mr.,William,,,,,,,,,,,,,,
female,Dr.,Susan,,,,,,,,,,,,,,
female,Dr.,Elenor,,,,,,,,,,,,,,
female,Ms.,Gladys,,,,,,,,,,,,,,
female,Mrs.,Sue,,,,,,,,,,,,,,
female,Mrs.,Debra,,,,,,,,,,,,,,
male,Mr.,Douglas,,,,,,,,,,,,,,
female,Mrs.,Alesha,,,,,,,,,,,,,,
male,Mr.,John,,,,,,,,,,,,,,
male,Mr.,Gerald,,,,,,,,,,,,,,
male,Mr.,James,,,,,,,,,,,,,,
male,Mr.,Tyson,,,,,,,,,,,,,,
female,Mrs.,Zenobia,,,,,,,,,,,,,,
female,Ms.,Margaret,,,,,,,,,,,,,,
female,Ms.,Maureen,,,,,,,,,,,,,,
male,Mr.,Jeffery,,,,,,,,,,,,,,
female,Mrs.,Laura,,,,,,,,,,,,,,
female,Ms.,Betty,,,,,,,,,,,,,,
female,Ms.,Sonya,,,,,,,,,,,,,,
male,Mr.,Robert,,,,,,,,,,,,,,
male,Mr.,Patrick,,,,,,,,,,,,,,
male,Mr.,Jerry,,,,,,,,,,,,,,
male,Mr.,Adam,,,,,,,,,,,,,,
male,Mr.,Jay,,,,,,,,,,,,,,
male,Dr.,Jerry,,,,,,,,,,,,,,
female,Mrs.,Amy,,,,,,,,,,,,,,
male,Mr.,Christopher,,,,,,,,,,,,,,
male,Mr.,Dwayne,,,,,,,,,,,,,,
female,Ms.,Maria,,,,,,,,,,,,,,
female,Mrs.,Donna,,,,,,,,,,,,,,
male,Mr.,Jared,,,,,,,,,,,,,,
female,Ms.,Renee,,,,,,,,,,,,,,
female,Ms.,Nancy,,,,,,,,,,,,,,
female,Mrs.,Kathleen,,,,,,,,,,,,,,
male,Mr.,Raleigh,,,,,,,,,,,,,,
female,Mrs.,Janet,,,,,,,,,,,,,,
female,Ms.,Karyn,,,,,,,,,,,,,,
male,Mr.,Kevin,,,,,,,,,,,,,,
male,Mr.,Denis,,,,,,,,,,,,,,
male,Mr.,John,,,,,,,,,,,,,,
female,Ms.,Marlene,,,,,,,,,,,,,,
female,Mrs.,Frances,,,,,,,,,,,,,,
male,Dr.,Richard,,,,,,,,,,,,,,
male,Mr.,Rory,,,,,,,,,,,,,,
male,Mr.,Joseph,,,,,,,,,,,,,,
female,Mrs.,Lourdes,,,,,,,,,,,,,,
female,Mrs.,Maureen,,,,,,,,,,,,,,
female,Mrs.,Vickie,,,,,,,,,,,,,,
female,Ms.,Vickie,,,,,,,,,,,,,,
male,Mr.,Ronnie,,,,,,,,,,,,,,
female,Ms.,Leslie,,,,,,,,,,,,,,
female,Mrs.,Karen,,,,,,,,,,,,,,
female,Ms.,Lauren,,,,,,,,,,,,,,
male,Mr.,Myron,,,,,,,,,,,,,,
male,Mr.,James,,,,,,,,,,,,,,
female,Ms.,Cheryl,,,,,,,,,,,,,,
female,Mrs.,Laura,,,,,,,,,,,,,,
male,Mr.,Donald,,,,,,,,,,,,,,
male,Mr.,Darryl,,,,,,,,,,,,,,
male,Mr.,Mack,,,,,,,,,,,,,,
male,Mr.,Kelly,,,,,,,,,,,,,,
male,Mr.,Cory,,,,,,,,,,,,,,
male,Mr.,Archie,,,,,,,,,,,,,,
male,Mr.,James,,,,,,,,,,,,,,
female,Ms.,Amelia,,,,,,,,,,,,,,
male,Mr.,Robert,,,,,,,,,,,,,,
male,Mr.,Joshua,,,,,,,,,,,,,,
male,Mr.,Manuel,,,,,,,,,,,,,,
male,Mr.,Alan,,,,,,,,,,,,,,
male,Mr.,David,,,,,,,,,,,,,,
male,Mr.,Alberto,,,,,,,,,,,,,,
male,Mr.,Clifford,,,,,,,,,,,,,,
female,Ms.,Eula,,,,,,,,,,,,,,
male,Mr.,Jack,,,,,,,,,,,,,,
male,Dr.,Paul,,,,,,,,,,,,,,
male,Mr.,Willie,,,,,,,,,,,,,,
male,Mr.,Alfredo,,,,,,,,,,,,,,
female,Mrs.,Minnie,,,,,,,,,,,,,,
male,Mr.,David,,,,,,,,,,,,,,
female,Ms.,Leslie,,,,,,,,,,,,,,
male,Mr.,Roland,,,,,,,,,,,,,,
male,Mr.,Walter,,,,,,,,,,,,,,
male,Mr.,Michael,,,,,,,,,,,,,,
female,Mrs.,Allison,,,,,,,,,,,,,,
male,Mr.,Miguel,,,,,,,,,,,,,,
female,Ms.,Megan,,,,,,,,,,,,,,
male,Mr.,Salvador,,,,,,,,,,,,,,
male,Mr.,Robert,,,,,,,,,,,,,,
female,Mrs.,Edith,,,,,,,,,,,,,,
male,Mr.,Jeffrey,,,,,,,,,,,,,,
female,Mrs.,Lora,,,,,,,,,,,,,,
female,Ms.,Judith,,,,,,,,,,,,,,
male,Mr.,Robert,,,,,,,,,,,,,,
male,Mr.,Steven,,,,,,,,,,,,,,
male,Mr.,Cleveland,,,,,,,,,,,,,,
female,Dr.,Ellen,,,,,,,,,,,,,,
male,Mr.,William,,,,,,,,,,,,,,
male,Dr.,Johnny,,,,,,,,,,,,,,
female,Ms.,Angela,,,,,,,,,,,,,,
female,Ms.,Elaine,,,,,,,,,,,,,,
female,Mrs.,Elaine,,,,,,,,,,,,,,
male,Mr.,Gary,,,,,,,,,,,,,,
female,Mrs.,Rossie,,,,,,,,,,,,,,
female,Mrs.,Cynthia,,,,,,,,,,,,,,
female,Ms.,Shirley,,,,,,,,,,,,,,
female,Mrs.,Jessica,,,,,,,,,,,,,,
female,Ms.,Jeannette,,,,,,,,,,,,,,
male,Mr.,Chad,,,,,,,,,,,,,,
female,Mrs.,Mary,,,,,,,,,,,,,,
male,Mr.,George,,,,,,,,,,,,,,
female,Mrs.,Lilli,,,,,,,,,,,,,,
male,Mr.,Leonard,,,,,,,,,,,,,,
male,Mr.,Abraham,,,,,,,,,,,,,,
male,Mr.,Stuart,,,,,,,,,,,,,,
female,Mrs.,Eleanor,,,,,,,,,,,,,,
female,Mrs.,Rebecka,,,,,,,,,,,,,,
male,Mr.,Edwin,,,,,,,,,,,,,,
male,Mr.,Gary,,,,,,,,,,,,,,
female,Ms.,Robyn,,,,,,,,,,,,,,
female,Mrs.,Barbara,,,,,,,,,,,,,,
female,Ms.,Justine,,,,,,,,,,,,,,
female,Ms.,Jennifer,,,,,,,,,,,,,,
female,Ms.,Daisy,,,,,,,,,,,,,,
female,Ms.,Anna,,,,,,,,,,,,,,
male,Mr.,David,,,,,,,,,,,,,,
female,Mrs.,Yvone,,,,,,,,,,,,,,
male,Mr.,Thomas,,,,,,,,,,,,,,
male,Mr.,David,,,,,,,,,,,,,,
male,Mr.,Rodney,,,,,,,,,,,,,,
female,Ms.,Isabelle,,,,,,,,,,,,,,
female,Mrs.,Juanita,,,,,,,,,,,,,,
female,Ms.,Patricia,,,,,,,,,,,,,,
female,Ms.,Linda,,,,,,,,,,,,,,
male,Mr.,Marvin,,,,,,,,,,,,,,
female,Mrs.,Patricia,,,,,,,,,,,,,,
male,Mr.,Lance,,,,,,,,,,,,,,
male,Mr.,Robert,,,,,,,,,,,,,,
male,Mr.,Matthew,,,,,,,,,,,,,,
female,Mrs.,Katherine,,,,,,,,,,,,,,
female,Mrs.,Cynthia,,,,,,,,,,,,,,
male,Mr.,Christopher,,,,,,,,,,,,,,
female,Mrs.,Barbara,,,,,,,,,,,,,,
male,Mr.,Mark,,,,,,,,,,,,,,
female,Ms.,Nancy,,,,,,,,,,,,,,
male,Mr.,Michael,,,,,,,,,,,,,,
male,Mr.,Gary,,,,,,,,,,,,,,
male,Mr.,Eddie,,,,,,,,,,,,,,
female,Ms.,Georgianna,,,,,,,,,,,,,,
female,Mrs.,Rosemary,,,,,,,,,,,,,,
female,Ms.,Lisa,,,,,,,,,,,,,,
female,Ms.,Priscilla,,,,,,,,,,,,,,
male,Mr.,Michael,,,,,,,,,,,,,,
female,Ms.,Randi,,,,,,,,,,,,,,
male,Mr.,David,,,,,,,,,,,,,,
female,Ms.,Rachel,,,,,,,,,,,,,,
male,Mr.,Scott,,,,,,,,,,,,,,
male,Mr.,John,,,,,,,,,,,,,,
female,Mrs.,Cherie,,,,,,,,,,,,,,
female,Ms.,Sue,,,,,,,,,,,,,,
female,Mrs.,Goldie,,,,,,,,,,,,,,
male,Mr.,Ismael,,,,,,,,,,,,,,
female,Ms.,Marion,,,,,,,,,,,,,,
female,Ms.,Betty,,,,,,,,,,,,,,
male,Mr.,John,,,,,,,,,,,,,,
male,Dr.,Joseph,,,,,,,,,,,,,,
female,Ms.,Natasha,,,,,,,,,,,,,,
male,Mr.,Jesus,,,,,,,,,,,,,,
male,Mr.,Dillon,,,,,,,,,,,,,,
male,Mr.,Xavier,,,,,,,,,,,,,,
female,Mrs.,Gloria,,,,,,,,,,,,,,
female,Ms.,Flora,,,,,,,,,,,,,,
male,Mr.,Paul,,,,,,,,,,,,,,
female,Ms.,Rose,,,,,,,,,,,,,,
male,Mr.,Hugo,,,,,,,,,,,,,,
female,Mrs.,Judith,,,,,,,,,,,,,,
female,Ms.,Luciana,,,,,,,,,,,,,,
female,Mrs.,Elizabeth,,,,,,,,,,,,,,
male,Mr.,Kevin,,,,,,,,,,,,,,
female,Ms.,Dana,,,,,,,,,,,,,,
male,Mr.,Stuart,,,,,,,,,,,,,,
female,Dr.,Charlotte,,,,,,,,,,,,,,
male,Mr.,Juan,,,,,,,,,,,,,,
male,Mr.,William,,,,,,,,,,,,,,
female,Mrs.,Kim,,,,,,,,,,,,,,
male,Mr.,James,,,,,,,,,,,,,,
female,Ms.,Rose,,,,,,,,,,,,,,
male,Mr.,Larry,,,,,,,,,,,,,,
male,Mr.,Charles,,,,,,,,,,,,,,
female,Mrs.,Gertrude,,,,,,,,,,,,,,
female,Mrs.,Elizabeth,,,,,,,,,,,,,,
female,Ms.,Cecile,,,,,,,,,,,,,,
male,Dr.,Jimmy,,,,,,,,,,,,,,
female,Ms.,Debra,,,,,,,,,,,,,,
female,Dr.,Therese,,,,,,,,,,,,,,
male,Mr.,Antwan,,,,,,,,,,,,,,
female,Ms.,Patricia,,,,,,,,,,,,,,
female,Ms.,Jennifer,,,,,,,,,,,,,,
female,Mrs.,Flora,,,,,,,,,,,,,,
male,Mr.,Paul,,,,,,,,,,,,,,
male,Mr.,Johnny,,,,,,,,,,,,,,
female,Ms.,Mary,,,,,,,,,,,,,,
male,Mr.,Marion,,,,,,,,,,,,,,
female,Mrs.,Katherine,,,,,,,,,,,,,,
male,Mr.,Stefan,,,,,,,,,,,,,,
female,Ms.,Christina,,,,,,,,,,,,,,
male,Mr.,Neville,,,,,,,,,,,,,,
male,Mr.,Harry,,,,,,,,,,,,,,
male,Mr.,Stephen,,,,,,,,,,,,,,
male,Mr.,William,,,,,,,,,,,,,,
male,Mr.,Gordon,,,,,,,,,,,,,,
female,Ms.,Marie,,,,,,,,,,,,,,
female,Ms.,Emily,,,,,,,,,,,,,,
female,Mrs.,Eva,,,,,,,,,,,,,,
male,Mr.,Larry,,,,,,,,,,,,,,
male,Mr.,Richard,,,,,,,,,,,,,,
male,Mr.,James,,,,,,,,,,,,,,
female,Mrs.,Lynn,,,,,,,,,,,,,,
male,Mr.,Michael,,,,,,,,,,,,,,
male,Mr.,James,,,,,,,,,,,,,,
male,Dr.,David,,,,,,,,,,,,,,
female,Mrs.,Lydia,,,,,,,,,,,,,,
female,Ms.,Azucena,,,,,,,,,,,,,,
female,Ms.,Denise,,,,,,,,,,,,,,
male,Mr.,Earl,,,,,,,,,,,,,,
male,Mr.,Mathew,,,,,,,,,,,,,,
male,Mr.,Jerome,,,,,,,,,,,,,,
female,Ms.,Pearl,,,,,,,,,,,,,,
female,Ms.,Desiree,,,,,,,,,,,,,,
male,Mr.,William,,,,,,,,,,,,,,
female,Mrs.,Gloria,,,,,,,,,,,,,,
female,Mrs.,Alma,,,,,,,,,,,,,,
male,Mr.,Jeff,,,,,,,,,,,,,,
male,Mr.,Anthony,,,,,,,,,,,,,,
male,Dr.,Carlos,,,,,,,,,,,,,,
female,Ms.,Mayme,,,,,,,,,,,,,,
male,Mr.,Stephen,,,,,,,,,,,,,,
male,Mr.,Anthony,,,,,,,,,,,,,,
male,Mr.,David,,,,,,,,,,,,,,
female,Ms.,Opal,,,,,,,,,,,,,,
male,Mr.,Jim,,,,,,,,,,,,,,
female,Mrs.,Lucille,,,,,,,,,,,,,,
male,Mr.,Paul,,,,,,,,,,,,,,
female,Mrs.,Kim,,,,,,,,,,,,,,
female,Mrs.,Donna,,,,,,,,,,,,,,
female,Mrs.,Sheila,,,,,,,,,,,,,,
female,Ms.,Sally,,,,,,,,,,,,,,
female,Mrs.,Anna,,,,,,,,,,,,,,
male,Mr.,Richard,,,,,,,,,,,,,,
male,Mr.,James,,,,,,,,,,,,,,
male,Mr.,William,,,,,,,,,,,,,,
female,Ms.,Rachel,,,,,,,,,,,,,,
male,Mr.,Ricardo,,,,,,,,,,,,,,
male,Mr.,Gregory,,,,,,,,,,,,,,
male,Mr.,David,,,,,,,,,,,,,,
female,Dr.,Christine,,,,,,,,,,,,,,
female,Ms.,Mary,,,,,,,,,,,,,,
female,Mrs.,Donna,,,,,,,,,,,,,,
female,Mrs.,Stacey,,,,,,,,,,,,,,
female,Ms.,Isabelle,,,,,,,,,,,,,,
female,Ms.,Diana,,,,,,,,,,,,,,
female,Ms.,Aimee,,,,,,,,,,,,,,
male,Mr.,Henry,,,,,,,,,,,,,,
male,Mr.,Leo,,,,,,,,,,,,,,
male,Mr.,Charles,,,,,,,,,,,,,,
female,Mrs.,Ashley,,,,,,,,,,,,,,
male,Dr.,James,,,,,,,,,,,,,,
female,Mrs.,Sylvia,,,,,,,,,,,,,,
female,Mrs.,Shirley,,,,,,,,,,,,,,
male,Mr.,Timmy,,,,,,,,,,,,,,
male,Mr.,James,,,,,,,,,,,,,,
male,Mr.,Michael,,,,,,,,,,,,,,
female,Mrs.,Ella,,,,,,,,,,,,,,
male,Mr.,John,,,,,,,,,,,,,,
female,Ms.,Elizabeth,,,,,,,,,,,,,,
female,Ms.,Mary,,,,,,,,,,,,,,
female,Ms.,Michelle,,,,,,,,,,,,,,
male,Mr.,Jacob,,,,,,,,,,,,,,
female,Ms.,Debbie,,,,,,,,,,,,,,
male,Mr.,Wallace,,,,,,,,,,,,,,
female,Ms.,Connie,,,,,,,,,,,,,,
female,Ms.,Kristie,,,,,,,,,,,,,,
male,Mr.,Don,,,,,,,,,,,,,,
male,Mr.,David,,,,,,,,,,,,,,
male,Mr.,Timothy,,,,,,,,,,,,,,
male,Mr.,Jerry,,,,,,,,,,,,,,
female,Dr.,Annie,,,,,,,,,,,,,,
male,Mr.,Timothy,,,,,,,,,,,,,,
female,Ms.,Donna,,,,,,,,,,,,,,
male,Mr.,Randall,,,,,,,,,,,,,,
female,Ms.,Lisa,,,,,,,,,,,,,,
female,Ms.,Starr,,,,,,,,,,,,,,
male,Mr.,Adrian,,,,,,,,,,,,,,
female,Mrs.,Mary,,,,,,,,,,,,,,
male,Dr.,Jose,,,,,,,,,,,,,,
female,Mrs.,Dina,,,,,,,,,,,,,,
male,Mr.,Peter,,,,,,,,,,,,,,
male,Mr.,Joseph,,,,,,,,,,,,,,
female,Ms.,Elisa,,,,,,,,,,,,,,
male,Mr.,Carl,,,,,,,,,,,,,,
male,Mr.,Patrick,,,,,,,,,,,,,,
female,Ms.,Arline,,,,,,,,,,,,,,
male,Mr.,John,,,,,,,,,,,,,,
female,Mrs.,Patricia,,,,,,,,,,,,,,
female,Ms.,Brenda,,,,,,,,,,,,,,
female,Mrs.,Betty,,,,,,,,,,,,,,
male,Mr.,Daniel,,,,,,,,,,,,,,
female,Ms.,Barbara,,,,,,,,,,,,,,
female,Mrs.,Gloria,,,,,,,,,,,,,,
female,Ms.,Priscilla,,,,,,,,,,,,,,
male,Mr.,Kevin,,,,,,,,,,,,,,
female,Mrs.,Carla,,,,,,,,,,,,,,
female,Ms.,Tonya,,,,,,,,,,,,,,
female,Mrs.,Kelly,,,,,,,,,,,,,,
male,Mr.,Ronald,,,,,,,,,,,,,,
female,Ms.,Joanne,,,,,,,,,,,,,,
female,Mrs.,Paula,,,,,,,,,,,,,,
female,Ms.,Yolanda,,,,,,,,,,,,,,
male,Dr.,Travis,,,,,,,,,,,,,,
female,Mrs.,Anna,,,,,,,,,,,,,,
female,Mrs.,Katie,,,,,,,,,,,,,,
female,Mrs.,Jamie,,,,,,,,,,,,,,
male,Mr.,Reid,,,,,,,,,,,,,,
male,Mr.,Clifford,,,,,,,,,,,,,,
male,Mr.,Larry,,,,,,,,,,,,,,
male,Mr.,Robert,,,,,,,,,,,,,,
male,Mr.,William,,,,,,,,,,,,,,
male,Mr.,Edward,,,,,,,,,,,,,,
female,Ms.,Cristina,,,,,,,,,,,,,,
female,Ms.,Adam,,,,,,,,,,,,,,
female,Mrs.,Esther,,,,,,,,,,,,,,
male,Mr.,Frank,,,,,,,,,,,,,,
male,Dr.,Ulysses,,,,,,,,,,,,,,
female,Mrs.,Sandra,,,,,,,,,,,,,,
female,Mrs.,Joanne,,,,,,,,,,,,,,
male,Mr.,James,,,,,,,,,,,,,,
male,Mr.,Anthony,,,,,,,,,,,,,,
male,Mr.,Alvin,,,,,,,,,,,,,,
female,Mrs.,Bernice,,,,,,,,,,,,,,
male,Mr.,James,,,,,,,,,,,,,,
female,Mrs.,Mavis,,,,,,,,,,,,,,
female,Ms.,Melisa,,,,,,,,,,,,,,
female,Ms.,Christina,,,,,,,,,,,,,,
female,Ms.,Megan,,,,,,,,,,,,,,
male,Mr.,Frank,,,,,,,,,,,,,,
female,Dr.,Marna,,,,,,,,,,,,,,
female,Mrs.,Cheryl,,,,,,,,,,,,,,
female,Ms.,Elizabeth,,,,,,,,,,,,,,
female,Mrs.,Shemeka,,,,,,,,,,,,,,
female,Mrs.,Jessica,,,,,,,,,,,,,,
male,Mr.,Demetrius,,,,,,,,,,,,,,
male,Mr.,Arthur,,,,,,,,,,,,,,
male,Mr.,Kenneth,,,,,,,,,,,,,,
female,Mrs.,Diane,,,,,,,,,,,,,,
female,Ms.,Mary,,,,,,,,,,,,,,
male,Mr.,William,,,,,,,,,,,,,,
male,Mr.,Mark,,,,,,,,,,,,,,
female,Ms.,Marie,,,,,,,,,,,,,,
female,Ms.,Nola,,,,,,,,,,,,,,
female,Mrs.,Lisa,,,,,,,,,,,,,,
male,Mr.,Huey,,,,,,,,,,,,,,
female,Mrs.,Lena,,,,,,,,,,,,,,
female,Mrs.,Jennifer,,,,,,,,,,,,,,
female,Ms.,Yvette,,,,,,,,,,,,,,
female,Mrs.,Mary,,,,,,,,,,,,,,
male,Mr.,Paul,,,,,,,,,,,,,,
female,Mrs.,Lindsey,,,,,,,,,,,,,,
male,Mr.,Julius,,,,,,,,,,,,,,
male,Mr.,John,,,,,,,,,,,,,,
male,Mr.,Stephen,,,,,,,,,,,,,,
male,Mr.,William,,,,,,,,,,,,,,
female,Ms.,Sandra,,,,,,,,,,,,,,
female,Ms.,Helena,,,,,,,,,,,,,,
male,Mr.,Chris,,,,,,,,,,,,,,
male,Mr.,George,,,,,,,,,,,,,,
female,Ms.,Lorraine,,,,,,,,,,,,,,
male,Mr.,Kenneth,,,,,,,,,,,,,,
male,Mr.,Eugene,,,,,,,,,,,,,,
female,Mrs.,Lucy,,,,,,,,,,,,,,
male,Mr.,Nicholas,,,,,,,,,,,,,,
female,Mrs.,Essie,,,,,,,,,,,,,,
male,Mr.,Joe,,,,,,,,,,,,,,
male,Mr.,Marvin,,,,,,,,,,,,,,
male,Mr.,Ross,,,,,,,,,,,,,,
male,Mr.,Thomas,,,,,,,,,,,,,,
male,Mr.,Henry,,,,,,,,,,,,,,
male,Mr.,Antonio,,,,,,,,,,,,,,
male,Mr.,Earl,,,,,,,,,,,,,,
male,Mr.,James,,,,,,,,,,,,,,
female,Ms.,Kay,,,,,,,,,,,,,,
male,Mr.,Jefferey,,,,,,,,,,,,,,
male,Mr.,Kristopher,,,,,,,,,,,,,,
female,Ms.,Earline,,,,,,,,,,,,,,
male,Mr.,Maurice,,,,,,,,,,,,,,
female,Mrs.,Joy,,,,,,,,,,,,,,
female,Ms.,Lillian,,,,,,,,,,,,,,
male,Mr.,Christopher,,,,,,,,,,,,,,
male,Mr.,Virgil,,,,,,,,,,,,,,
female,Ms.,Deidre,,,,,,,,,,,,,,
female,Ms.,Cathy,,,,,,,,,,,,,,
female,Ms.,Victoria,,,,,,,,,,,,,,
male,Mr.,Robert,,,,,,,,,,,,,,
female,Ms.,Juanita,,,,,,,,,,,,,,
male,Mr.,Cory,,,,,,,,,,,,,,
male,Mr.,Jerome,,,,,,,,,,,,,,
female,Mrs.,Marissa,,,,,,,,,,,,,,
female,Mrs.,Beverly,,,,,,,,,,,,,,
male,Mr.,David,,,,,,,,,,,,,,
male,Mr.,Nelson,,,,,,,,,,,,,,
female,Mrs.,Gina,,,,,,,,,,,,,,
female,Ms.,Alberta,,,,,,,,,,,,,,
male,Mr.,Clinton,,,,,,,,,,,,,,
female,Mrs.,Sylvia,,,,,,,,,,,,,,
female,Mrs.,Ebonie,,,,,,,,,,,,,,
male,Mr.,Christopher,,,,,,,,,,,,,,
male,Mr.,Alfredo,,,,,,,,,,,,,,
male,Mr.,Paul,,,,,,,,,,,,,,
male,Mr.,Richard,,,,,,,,,,,,,,
female,Ms.,Kimberly,,,,,,,,,,,,,,
female,Ms.,Madeline,,,,,,,,,,,,,,
male,Mr.,Preston,,,,,,,,,,,,,,
female,Mrs.,Rosella,,,,,,,,,,,,,,
male,Mr.,Robert,,,,,,,,,,,,,,
female,Mrs.,Aida,,,,,,,,,,,,,,
male,Mr.,Ralph,,,,,,,,,,,,,,
female,Mrs.,Kelly,,,,,,,,,,,,,,
male,Mr.,Gary,,,,,,,,,,,,,,
male,Mr.,Nathaniel,,,,,,,,,,,,,,
male,Mr.,Perry,,,,,,,,,,,,,,
male,Mr.,Erwin,,,,,,,,,,,,,,
female,Ms.,Sarah,,,,,,,,,,,,,,
female,Mrs.,Amy,,,,,,,,,,,,,,
male,Mr.,Hugh,,,,,,,,,,,,,,
female,Ms.,Amy,,,,,,,,,,,,,,
male,Mr.,Nicholas,,,,,,,,,,,,,,
male,Mr.,John,,,,,,,,,,,,,,
female,Ms.,Jonnie,,,,,,,,,,,,,,
female,Ms.,Susan,,,,,,,,,,,,,,
male,Mr.,Jason,,,,,,,,,,,,,,
female,Ms.,Kesha,,,,,,,,,,,,,,
male,Mr.,Leon,,,,,,,,,,,,,,
female,Mrs.,Christena,,,,,,,,,,,,,,
male,Mr.,Michael,,,,,,,,,,,,,,
female,Mrs.,Susan,,,,,,,,,,,,,,
male,Dr.,John,,,,,,,,,,,,,,
female,Mrs.,Tawny,,,,,,,,,,,,,,
male,Mr.,Mark,,,,,,,,,,,,,,
male,Mr.,Harold,,,,,,,,,,,,,,
male,Mr.,Patrick,,,,,,,,,,,,,,
female,Ms.,Jan,,,,,,,,,,,,,,
male,Mr.,James,,,,,,,,,,,,,,
male,Mr.,Kevin,,,,,,,,,,,,,,
female,Ms.,Randi,,,,,,,,,,,,,,
female,Mrs.,Georgia,,,,,,,,,,,,,,
male,Mr.,George,,,,,,,,,,,,,,
female,Ms.,Helen,,,,,,,,,,,,,,
male,Mr.,Vaughn,,,,,,,,,,,,,,
male,Mr.,Jerry,,,,,,,,,,,,,,
male,Mr.,Mark,,,,,,,,,,,,,,
male,Mr.,Billy,,,,,,,,,,,,,,
male,Mr.,Justin,,,,,,,,,,,,,,
male,Mr.,John,,,,,,,,,,,,,,
male,Mr.,Brad,,,,,,,,,,,,,,
male,Mr.,Rodney,,,,,,,,,,,,,,
female,Mrs.,Cara,,,,,,,,,,,,,,
male,Mr.,David,,,,,,,,,,,,,,
male,Mr.,Ken,,,,,,,,,,,,,,
female,Ms.,Amy,,,,,,,,,,,,,,
male,Mr.,Edward,,,,,,,,,,,,,,
male,Mr.,Raymond,,,,,,,,,,,,,,
female,Mrs.,Mable,,,,,,,,,,,,,,
female,Ms.,Melinda,,,,,,,,,,,,,,
female,Mrs.,Patricia,,,,,,,,,,,,,,
male,Mr.,David,,,,,,,,,,,,,,
male,Mr.,David,,,,,,,,,,,,,,
female,Ms.,Thelma,,,,,,,,,,,,,,
male,Dr.,Robert,,,,,,,,,,,,,,
female,Ms.,Beth,,,,,,,,,,,,,,
female,Ms.,Marie,,,,,,,,,,,,,,
male,Mr.,Arthur,,,,,,,,,,,,,,
female,Ms.,Rosie,,,,,,,,,,,,,,
female,Mrs.,Sadie,,,,,,,,,,,,,,
female,Ms.,Debra,,,,,,,,,,,,,,
female,Ms.,Katie,,,,,,,,,,,,,,
female,Mrs.,Mildred,,,,,,,,,,,,,,
female,Mrs.,Sandra,,,,,,,,,,,,,,
male,Mr.,John,,,,,,,,,,,,,,
female,Ms.,Helen,,,,,,,,,,,,,,
female,Mrs.,Jodie,,,,,,,,,,,,,,
female,Mrs.,Lindsey,,,,,,,,,,,,,,
female,Mrs.,Sha,,,,,,,,,,,,,,
female,Ms.,Hilda,,,,,,,,,,,,,,
female,Mrs.,Mable,,,,,,,,,,,,,,
male,Mr.,Roberto,,,,,,,,,,,,,,
male,Mr.,George,,,,,,,,,,,,,,
male,Mr.,Joseph,,,,,,,,,,,,,,
male,Mr.,Paul,,,,,,,,,,,,,,
female,Ms.,Glynis,,,,,,,,,,,,,,
male,Mr.,Paul,,,,,,,,,,,,,,
female,Mrs.,Katina,,,,,,,,,,,,,,
male,Mr.,Michael,,,,,,,,,,,,,,
male,Mr.,Derrick,,,,,,,,,,,,,,
male,Mr.,Harry,,,,,,,,,,,,,,
female,Mrs.,Pauline,,,,,,,,,,,,,,
male,Mr.,Victor,,,,,,,,,,,,,,
male,Mr.,Troy,,,,,,,,,,,,,,
male,Mr.,Christopher,,,,,,,,,,,,,,
male,Mr.,John,,,,,,,,,,,,,,
female,Mrs.,Mary,,,,,,,,,,,,,,
female,Ms.,Wanda,,,,,,,,,,,,,,
male,Mr.,Mark,,,,,,,,,,,,,,
male,Mr.,John,,,,,,,,,,,,,,
female,Ms.,Ramona,,,,,,,,,,,,,,
male,Mr.,Jerry,,,,,,,,,,,,,,
male,Mr.,Bradley,,,,,,,,,,,,,,
male,Mr.,Dave,,,,,,,,,,,,,,
female,Ms.,Audrey,,,,,,,,,,,,,,
female,Ms.,Mary,,,,,,,,,,,,,,
female,Mrs.,Nola,,,,,,,,,,,,,,
female,Mrs.,Ana,,,,,,,,,,,,,,
female,Ms.,Nancy,,,,,,,,,,,,,,
female,Mrs.,Gloria,,,,,,,,,,,,,,
female,Ms.,Donna,,,,,,,,,,,,,,
male,Mr.,Micheal,,,,,,,,,,,,,,
male,Mr.,Michael,,,,,,,,,,,,,,
male,Mr.,Matthew,,,,,,,,,,,,,,
male,Mr.,Chris,,,,,,,,,,,,,,
female,Ms.,Emilie,,,,,,,,,,,,,,
female,Ms.,Violet,,,,,,,,,,,,,,
female,Mrs.,Charlene,,,,,,,,,,,,,,
female,Ms.,Susan,,,,,,,,,,,,,,
male,Mr.,Gordon,,,,,,,,,,,,,,
male,Mr.,Juan,,,,,,,,,,,,,,
female,Ms.,Jodi,,,,,,,,,,,,,,
female,Ms.,Florence,,,,,,,,,,,,,,
male,Mr.,Joe,,,,,,,,,,,,,,
female,Mrs.,Maureen,,,,,,,,,,,,,,
female,Mrs.,Mary,,,,,,,,,,,,,,
male,Mr.,Edward,,,,,,,,,,,,,,
male,Mr.,Phillip,,,,,,,,,,,,,,
female,Ms.,Alicia,,,,,,,,,,,,,,
male,Mr.,Adam,,,,,,,,,,,,,,
male,Mr.,James,,,,,,,,,,,,,,
male,Mr.,Sherman,,,,,,,,,,,,,,
female,Mrs.,Theresa,,,,,,,,,,,,,,
female,Mrs.,Catherine,,,,,,,,,,,,,,
male,Mr.,Sean,,,,,,,,,,,,,,
female,Mrs.,Frances,,,,,,,,,,,,,,
male,Mr.,Garland,,,,,,,,,,,,,,
female,Mrs.,Sylvia,,,,,,,,,,,,,,
female,Mrs.,Verla,,,,,,,,,,,,,,
female,Mrs.,Debbie,,,,,,,,,,,,,,
male,Mr.,Kenneth,,,,,,,,,,,,,,
female,Ms.,Ruth,,,,,,,,,,,,,,
female,Mrs.,Patricia,,,,,,,,,,,,,,
female,Mrs.,Jeanne,,,,,,,,,,,,,,
female,Ms.,Ashley,,,,,,,,,,,,,,
male,Mr.,Edwin,,,,,,,,,,,,,,
male,Mr.,Eric,,,,,,,,,,,,,,
male,Mr.,Wayne,,,,,,,,,,,,,,
female,Mrs.,Jayne,,,,,,,,,,,,,,
male,Mr.,Paul,,,,,,,,,,,,,,
female,Ms.,Frances,,,,,,,,,,,,,,
male,Mr.,Alexander,,,,,,,,,,,,,,
female,Ms.,Carolyn,,,,,,,,,,,,,,
male,Mr.,Steven,,,,,,,,,,,,,,
male,Mr.,Erik,,,,,,,,,,,,,,
female,Ms.,Diana,,,,,,,,,,,,,,
female,Mrs.,Karen,,,,,,,,,,,,,,
male,Mr.,Fred,,,,,,,,,,,,,,
female,Mrs.,Eva,,,,,,,,,,,,,,
male,Mr.,Jose,,,,,,,,,,,,,,
male,Mr.,Clarence,,,,,,,,,,,,,,
male,Mr.,Otis,,,,,,,,,,,,,,
female,Mrs.,Aaron,,,,,,,,,,,,,,
male,Mr.,Shane,,,,,,,,,,,,,,
male,Mr.,Ethan,,,,,,,,,,,,,,
male,Mr.,Darryl,,,,,,,,,,,,,,
male,Mr.,Michael,,,,,,,,,,,,,,
male,Mr.,Robert,,,,,,,,,,,,,,
male,Mr.,Bernard,,,,,,,,,,,,,,
male,Mr.,Daniel,,,,,,,,,,,,,,
female,Mrs.,Johanna,,,,,,,,,,,,,,
female,Dr.,Amanda,,,,,,,,,,,,,,
male,Mr.,Gary,,,,,,,,,,,,,,
male,Mr.,Steven,,,,,,,,,,,,,,
female,Ms.,Rose,,,,,,,,,,,,,,
male,Mr.,Christopher,,,,,,,,,,,,,,
male,Mr.,David,,,,,,,,,,,,,,
female,Mrs.,Lauren,,,,,,,,,,,,,,
female,Ms.,Cornelia,,,,,,,,,,,,,,
male,Mr.,Darin,,,,,,,,,,,,,,
male,Mr.,Mikel,,,,,,,,,,,,,,
female,Ms.,Kathryn,,,,,,,,,,,,,,
male,Mr.,Matthew,,,,,,,,,,,,,,
female,Mrs.,Ruth,,,,,,,,,,,,,,
female,Ms.,Lesia,,,,,,,,,,,,,,
female,Ms.,Ida,,,,,,,,,,,,,,
male,Mr.,Mariano,,,,,,,,,,,,,,
male,Mr.,Devin,,,,,,,,,,,,,,
male,Mr.,John,,,,,,,,,,,,,,
male,Mr.,John,,,,,,,,,,,,,,
female,Mrs.,Barbara,,,,,,,,,,,,,,
female,Ms.,Alberta,,,,,,,,,,,,,,
male,Mr.,Jay,,,,,,,,,,,,,,
female,Mrs.,Reda,,,,,,,,,,,,,,
male,Mr.,Willie,,,,,,,,,,,,,,
male,Mr.,Thomas,,,,,,,,,,,,,,
female,Mrs.,Shannon,,,,,,,,,,,,,,
male,Mr.,Sydney,,,,,,,,,,,,,,
female,Mrs.,Jana,,,,,,,,,,,,,,
female,Ms.,Amparo,,,,,,,,,,,,,,
male,Mr.,Willie,,,,,,,,,,,,,,
female,Mrs.,Pamela,,,,,,,,,,,,,,
male,Mr.,Lance,,,,,,,,,,,,,,
female,Ms.,Susan,,,,,,,,,,,,,,
female,Mrs.,Samantha,,,,,,,,,,,,,,
male,Mr.,Monte,,,,,,,,,,,,,,
female,Ms.,Elizabeth,,,,,,,,,,,,,,
female,Mrs.,Eula,,,,,,,,,,,,,,
male,Mr.,James,,,,,,,,,,,,,,
male,Mr.,James,,,,,,,,,,,,,,
male,Mr.,Robert,,,,,,,,,,,,,,
male,Mr.,Harold,,,,,,,,,,,,,,
male,Mr.,Jacob,,,,,,,,,,,,,,
male,Mr.,Jim,,,,,,,,,,,,,,
female,Ms.,Geraldine,,,,,,,,,,,,,,
male,Mr.,Mark,,,,,,,,,,,,,,
male,Mr.,Victor,,,,,,,,,,,,,,
male,Mr.,Andrew,,,,,,,,,,,,,,
female,Ms.,Karen,,,,,,,,,,,,,,
female,Ms.,Stephanie,,,,,,,,,,,,,,
male,Mr.,Shaun,,,,,,,,,,,,,,
female,Ms.,Julie,,,,,,,,,,,,,,
male,Mr.,Thomas,,,,,,,,,,,,,,
male,Mr.,Donald,,,,,,,,,,,,,,
female,Mrs.,Joan,,,,,,,,,,,,,,
female,Ms.,Annie,,,,,,,,,,,,,,
female,Mrs.,Joanna,,,,,,,,,,,,,,
female,Mrs.,Patsy,,,,,,,,,,,,,,
male,Mr.,Edgar,,,,,,,,,,,,,,
male,Mr.,Stephen,,,,,,,,,,,,,,
female,Ms.,Adriana,,,,,,,,,,,,,,
male,Mr.,John,,,,,,,,,,,,,,
male,Mr.,John,,,,,,,,,,,,,,
male,Mr.,Miles,,,,,,,,,,,,,,
male,Mr.,Carl,,,,,,,,,,,,,,
male,Mr.,Eddie,,,,,,,,,,,,,,
male,Mr.,Michael,,,,,,,,,,,,,,
male,Mr.,Antonio,,,,,,,,,,,,,,
male,Mr.,Robert,,,,,,,,,,,,,,
male,Mr.,Jc,,,,,,,,,,,,,,
female,Ms.,Helen,,,,,,,,,,,,,,
female,Dr.,Julia,,,,,,,,,,,,,,
female,Ms.,Lilia,,,,,,,,,,,,,,
female,Mrs.,Lisa,,,,,,,,,,,,,,
male,Mr.,Christopher,,,,,,,,,,,,,,
female,Mrs.,Sheila,,,,,,,,,,,,,,
female,Mrs.,Ruth,,,,,,,,,,,,,,
male,Mr.,Bryan,,,,,,,,,,,,,,
female,Ms.,Doris,,,,,,,,,,,,,,
male,Mr.,Roy,,,,,,,,,,,,,,
male,Mr.,Filiberto,,,,,,,,,,,,,,
female,Mrs.,Bessie,,,,,,,,,,,,,,
female,Ms.,May,,,,,,,,,,,,,,
male,Mr.,Michael,,,,,,,,,,,,,,
male,Mr.,Grady,,,,,,,,,,,,,,
female,Ms.,Willie,,,,,,,,,,,,,,
female,Mrs.,Rhonda,,,,,,,,,,,,,,
female,Ms.,Bonnie,,,,,,,,,,,,,,
female,Ms.,Armida,,,,,,,,,,,,,,
female,Mrs.,Adrianne,,,,,,,,,,,,,,
female,Ms.,Shirley,,,,,,,,,,,,,,
male,Mr.,John,,,,,,,,,,,,,,
female,Mrs.,Patricia,,,,,,,,,,,,,,
female,Mrs.,Margie,,,,,,,,,,,,,,
female,Mrs.,Sandra,,,,,,,,,,,,,,
male,Mr.,Donald,,,,,,,,,,,,,,
male,Mr.,Randy,,,,,,,,,,,,,,
female,Ms.,Caitlin,,,,,,,,,,,,,,
female,Ms.,Marie,,,,,,,,,,,,,,
male,Mr.,Earl,,,,,,,,,,,,,,
male,Mr.,Wayne,,,,,,,,,,,,,,
female,Ms.,Hazel,,,,,,,,,,,,,,
female,Mrs.,Barb,,,,,,,,,,,,,,
male,Mr.,Martin,,,,,,,,,,,,,,
male,Mr.,Stephen,,,,,,,,,,,,,,
male,Mr.,Nicholas,,,,,,,,,,,,,,
male,Mr.,John,,,,,,,,,,,,,,
male,Mr.,David,,,,,,,,,,,,,,
male,Mr.,David,,,,,,,,,,,,,,
male,Mr.,David,,,,,,,,,,,,,,
male,Mr.,Gabriel,,,,,,,,,,,,,,
female,Ms.,Doris,,,,,,,,,,,,,,
female,Ms.,Veronica,,,,,,,,,,,,,,
male,Dr.,Bobby,,,,,,,,,,,,,,
male,Mr.,David,,,,,,,,,,,,,,
female,Mrs.,Donna,,,,,,,,,,,,,,
female,Ms.,Beatrice,,,,,,,,,,,,,,
male,Mr.,Robert,,,,,,,,,,,,,,
female,Ms.,Kasandra,,,,,,,,,,,,,,
male,Mr.,Walter,,,,,,,,,,,,,,
female,Ms.,Deborah,,,,,,,,,,,,,,
male,Dr.,Ronald,,,,,,,,,,,,,,
male,Mr.,Gregory,,,,,,,,,,,,,,
female,Mrs.,Linda,,,,,,,,,,,,,,
female,Ms.,Victoria,,,,,,,,,,,,,,
female,Ms.,Setsuko,,,,,,,,,,,,,,
male,Mr.,Mark,,,,,,,,,,,,,,
female,Mrs.,Phyllis,,,,,,,,,,,,,,
female,Dr.,Bernice,,,,,,,,,,,,,,
male,Mr.,Joseph,,,,,,,,,,,,,,
male,Mr.,Thomas,,,,,,,,,,,,,,
male,Mr.,Mark,,,,,,,,,,,,,,
female,Ms.,Linda,,,,,,,,,,,,,,
female,Ms.,Kyla,,,,,,,,,,,,,,
female,Ms.,Keisha,,,,,,,,,,,,,,
male,Mr.,Terry,,,,,,,,,,,,,,
male,Dr.,Jeffrey,,,,,,,,,,,,,,
male,Mr.,Thomas,,,,,,,,,,,,,,
female,Mrs.,Frances,,,,,,,,,,,,,,
male,Mr.,Harland,,,,,,,,,,,,,,
male,Dr.,Ernest,,,,,,,,,,,,,,
male,Mr.,Joe,,,,,,,,,,,,,,
male,Mr.,Jeremy,,,,,,,,,,,,,,
male,Mr.,Billy,,,,,,,,,,,,,,
male,Mr.,Christopher,,,,,,,,,,,,,,
female,Ms.,Julie,,,,,,,,,,,,,,
female,Mrs.,Maria,,,,,,,,,,,,,,
female,Ms.,Marilee,,,,,,,,,,,,,,
female,Ms.,Marie,,,,,,,,,,,,,,
male,Mr.,Lance,,,,,,,,,,,,,,
female,Mrs.,Verena,,,,,,,,,,,,,,
male,Mr.,Patrick,,,,,,,,,,,,,,
male,Mr.,Francisco,,,,,,,,,,,,,,
male,Mr.,Mike,,,,,,,,,,,,,,
female,Mrs.,Lori,,,,,,,,,,,,,,
male,Mr.,Louis,,,,,,,,,,,,,,
male,Mr.,Enrique,,,,,,,,,,,,,,
male,Mr.,Clayton,,,,,,,,,,,,,,
female,Ms.,Nancy,,,,,,,,,,,,,,
male,Mr.,Matt,,,,,,,,,,,,,,
male,Mr.,Larry,,,,,,,,,,,,,,
male,Mr.,Donald,,,,,,,,,,,,,,
female,Ms.,America,,,,,,,,,,,,,,
female,Mrs.,Debbie,,,,,,,,,,,,,,
female,Mrs.,Linda,,,,,,,,,,,,,,
female,Ms.,Heather,,,,,,,,,,,,,,
male,Mr.,Hiram,,,,,,,,,,,,,,
male,Mr.,Randell,,,,,,,,,,,,,,
female,Ms.,Helen,,,,,,,,,,,,,,
male,Mr.,William,,,,,,,,,,,,,,
female,Ms.,Nancy,,,,,,,,,,,,,,
male,Mr.,Michael,,,,,,,,,,,,,,
male,Mr.,Marcus,,,,,,,,,,,,,,
male,Mr.,Richard,,,,,,,,,,,,,,
male,Mr.,Manuel,,,,,,,,,,,,,,
male,Mr.,Micheal,,,,,,,,,,,,,,
female,Mrs.,Nora,,,,,,,,,,,,,,
female,Ms.,Teresa,,,,,,,,,,,,,,
female,Mrs.,Brenda,,,,,,,,,,,,,,
male,Mr.,Steven,,,,,,,,,,,,,,
female,Ms.,Karen,,,,,,,,,,,,,,
male,Mr.,Trevor,,,,,,,,,,,,,,
female,Mrs.,Grace,,,,,,,,,,,,,,
female,Ms.,Theodora,,,,,,,,,,,,,,
male,Dr.,Jeffery,,,,,,,,,,,,,,
female,Mrs.,Sandra,,,,,,,,,,,,,,
male,Mr.,Christopher,,,,,,,,,,,,,,
male,Mr.,Frederick,,,,,,,,,,,,,,
male,Mr.,Chase,,,,,,,,,,,,,,
male,Mr.,Arthur,,,,,,,,,,,,,,
female,Ms.,Dorothy,,,,,,,,,,,,,,
male,Mr.,Roberto,,,,,,,,,,,,,,
male,Mr.,Neil,,,,,,,,,,,,,,
female,Ms.,Ruth,,,,,,,,,,,,,,
female,Ms.,Barbara,,,,,,,,,,,,,,
female,Ms.,Christine,,,,,,,,,,,,,,
female,Mrs.,Sharon,,,,,,,,,,,,,,
male,Mr.,Wayne,,,,,,,,,,,,,,
male,Mr.,David,,,,,,,,,,,,,,
female,Ms.,Dorothy,,,,,,,,,,,,,,
male,Mr.,Leonard,,,,,,,,,,,,,,
male,Mr.,Thomas,,,,,,,,,,,,,,
female,Mrs.,Tracy,,,,,,,,,,,,,,
female,Mrs.,Cynthia,,,,,,,,,,,,,,
male,Mr.,Randall,,,,,,,,,,,,,,
male,Mr.,John,,,,,,,,,,,,,,
male,Mr.,Shelby,,,,,,,,,,,,,,
male,Mr.,Bryan,,,,,,,,,,,,,,
male,Mr.,Preston,,,,,,,,,,,,,,
female,Mrs.,Diane,,,,,,,,,,,,,,
female,Mrs.,Annie,,,,,,,,,,,,,,
female,Ms.,Susan,,,,,,,,,,,,,,
male,Mr.,Matthew,,,,,,,,,,,,,,
female,Mrs.,Mary,,,,,,,,,,,,,,
male,Mr.,Francis,,,,,,,,,,,,,,
female,Ms.,Theresa,,,,,,,,,,,,,,
male,Mr.,Timothy,,,,,,,,,,,,,,
male,Mr.,Richard,,,,,,,,,,,,,,
female,Ms.,Carol,,,,,,,,,,,,,,
female,Mrs.,Linda,,,,,,,,,,,,,,
female,Ms.,Agnes,,,,,,,,,,,,,,
male,Mr.,John,,,,,,,,,,,,,,
female,Mrs.,Shirley,,,,,,,,,,,,,,
male,Mr.,David,,,,,,,,,,,,,,
male,Mr.,Donald,,,,,,,,,,,,,,
male,Mr.,Andrew,,,,,,,,,,,,,,
male,Mr.,Jesus,,,,,,,,,,,,,,
male,Mr.,Raymond,,,,,,,,,,,,,,
female,Mrs.,Madeline,,,,,,,,,,,,,,
female,Ms.,Susan,,,,,,,,,,,,,,
male,Mr.,Spencer,,,,,,,,,,,,,,
male,Mr.,Joseph,,,,,,,,,,,,,,
female,Ms.,Mildred,,,,,,,,,,,,,,
male,Mr.,Genaro,,,,,,,,,,,,,,
female,Ms.,Heather,,,,,,,,,,,,,,
female,Mrs.,Aretha,,,,,,,,,,,,,,
female,Mrs.,Muriel,,,,,,,,,,,,,,
male,Mr.,Thomas,,,,,,,,,,,,,,
male,Mr.,Jesse,,,,,,,,,,,,,,
female,Mrs.,Nicole,,,,,,,,,,,,,,
male,Mr.,John,,,,,,,,,,,,,,
female,Mrs.,Deborah,,,,,,,,,,,,,,
female,Dr.,Hattie,,,,,,,,,,,,,,
female,Mrs.,Katherine,,,,,,,,,,,,,,
female,Mrs.,Stephanie,,,,,,,,,,,,,,
male,Mr.,Frank,,,,,,,,,,,,,,
male,Mr.,Francis,,,,,,,,,,,,,,
female,Ms.,Lisa,,,,,,,,,,,,,,
female,Ms.,Carolyn,,,,,,,,,,,,,,
male,Dr.,Isaiah,,,,,,,,,,,,,,
male,Mr.,James,,,,,,,,,,,,,,
male,Mr.,Frederick,,,,,,,,,,,,,,
female,Ms.,Marie,,,,,,,,,,,,,,
female,Ms.,Ruth,,,,,,,,,,,,,,
female,Ms.,Cindy,,,,,,,,,,,,,,
female,Ms.,Vicki,,,,,,,,,,,,,,
male,Mr.,Gregory,,,,,,,,,,,,,,
female,Ms.,Deborah,,,,,,,,,,,,,,
female,Mrs.,Sandie,,,,,,,,,,,,,,
male,Mr.,David,,,,,,,,,,,,,,
male,Mr.,John,,,,,,,,,,,,,,
female,Ms.,Verna,,,,,,,,,,,,,,
female,Ms.,Frances,,,,,,,,,,,,,,
male,Mr.,George,,,,,,,,,,,,,,
male,Mr.,Robert,,,,,,,,,,,,,,
female,Ms.,Kathleen,,,,,,,,,,,,,,
male,Mr.,Richard,,,,,,,,,,,,,,
female,Mrs.,Shirley,,,,,,,,,,,,,,
male,Mr.,Carlos,,,,,,,,,,,,,,
female,Ms.,Genevieve,,,,,,,,,,,,,,
male,Mr.,Francis,,,,,,,,,,,,,,
male,Mr.,Calvin,,,,,,,,,,,,,,
male,Mr.,Joseph,,,,,,,,,,,,,,
female,Mrs.,Katherine,,,,,,,,,,,,,,
female,Mrs.,Carol,,,,,,,,,,,,,,
female,Mrs.,Connie,,,,,,,,,,,,,,
female,Ms.,Rose,,,,,,,,,,,,,,
male,Mr.,Jonathan,,,,,,,,,,,,,,
female,Mrs.,Norma,,,,,,,,,,,,,,
male,Mr.,Norman,,,,,,,,,,,,,,
male,Mr.,Howard,,,,,,,,,,,,,,
female,Mrs.,Mary,,,,,,,,,,,,,,
female,Mrs.,Kathy,,,,,,,,,,,,,,
male,Mr.,William,,,,,,,,,,,,,,
male,Mr.,Lee,,,,,,,,,,,,,,
male,Mr.,Alexander,,,,,,,,,,,,,,
male,Mr.,Danny,,,,,,,,,,,,,,
female,Mrs.,Karen,,,,,,,,,,,,,,
male,Mr.,Bryan,,,,,,,,,,,,,,
female,Ms.,Suzanne,,,,,,,,,,,,,,
male,Mr.,Brant,,,,,,,,,,,,,,
male,Mr.,Raymond,,,,,,,,,,,,,,
male,Mr.,Kenny,,,,,,,,,,,,,,
male,Mr.,Corey,,,,,,,,,,,,,,
female,Ms.,Amy,,,,,,,,,,,,,,
male,Mr.,Eugene,,,,,,,,,,,,,,
female,Ms.,Lorraine,,,,,,,,,,,,,,
male,Mr.,Carlos,,,,,,,,,,,,,,
male,Mr.,Martin,,,,,,,,,,,,,,
male,Mr.,Ronald,,,,,,,,,,,,,,
female,Ms.,Dawn,,,,,,,,,,,,,,
male,Mr.,Leon,,,,,,,,,,,,,,
male,Mr.,Norman,,,,,,,,,,,,,,
female,Ms.,Phyllis,,,,,,,,,,,,,,
male,Mr.,Andrew,,,,,,,,,,,,,,
female,Dr.,Vanessa,,,,,,,,,,,,,,
female,Ms.,Enid,,,,,,,,,,,,,,
female,Mrs.,Angela,,,,,,,,,,,,,,
male,Mr.,Glen,,,,,,,,,,,,,,
male,Mr.,Alan,,,,,,,,,,,,,,
male,Mr.,Collin,,,,,,,,,,,,,,
male,Mr.,Johnson,,,,,,,,,,,,,,
male,Mr.,Manuel,,,,,,,,,,,,,,
female,Ms.,Etta,,,,,,,,,,,,,,
female,Mrs.,Bonnie,,,,,,,,,,,,,,
female,Mrs.,Susanne,,,,,,,,,,,,,,
female,Mrs.,Jen,,,,,,,,,,,,,,
male,Mr.,Francis,,,,,,,,,,,,,,
female,Ms.,Margaret,,,,,,,,,,,,,,
male,Mr.,Frederick,,,,,,,,,,,,,,
female,Mrs.,Lori,,,,,,,,,,,,,,
female,Ms.,Audrey,,,,,,,,,,,,,,
female,Mrs.,Grace,,,,,,,,,,,,,,
male,Mr.,Todd,,,,,,,,,,,,,,
female,Mrs.,Helen,,,,,,,,,,,,,,
male,Mr.,Frederick,,,,,,,,,,,,,,
male,Mr.,John,,,,,,,,,,,,,,
male,Mr.,Donald,,,,,,,,,,,,,,
male,Mr.,Larry,,,,,,,,,,,,,,
male,Dr.,Kevin,,,,,,,,,,,,,,
female,Mrs.,Denisha,,,,,,,,,,,,,,
female,Mrs.,Penny,,,,,,,,,,,,,,
female,Ms.,Lupe,,,,,,,,,,,,,,
male,Dr.,Joseph,,,,,,,,,,,,,,
male,Mr.,Daniel,,,,,,,,,,,,,,
male,Mr.,John,,,,,,,,,,,,,,
female,Mrs.,Christine,,,,,,,,,,,,,,
male,Mr.,Jack,,,,,,,,,,,,,,
male,Mr.,Anthony,,,,,,,,,,,,,,
female,Ms.,Nina,,,,,,,,,,,,,,
female,Ms.,Joy,,,,,,,,,,,,,,
male,Mr.,Mark,,,,,,,,,,,,,,
female,Mrs.,Candice,,,,,,,,,,,,,,
female,Mrs.,Kristine,,,,,,,,,,,,,,
female,Mrs.,Roberta,,,,,,,,,,,,,,
female,Dr.,Kristen,,,,,,,,,,,,,,
male,Mr.,Freddie,,,,,,,,,,,,,,
male,Mr.,Nathan,,,,,,,,,,,,,,
male,Mr.,Emery,,,,,,,,,,,,,,
female,Ms.,Frances,,,,,,,,,,,,,,
female,Dr.,Geraldine,,,,,,,,,,,,,,
female,Mrs.,Pamela,,,,,,,,,,,,,,
female,Ms.,Judith,,,,,,,,,,,,,,
female,Mrs.,Pauline,,,,,,,,,,,,,,
female,Ms.,Nicolasa,,,,,,,,,,,,,,
female,Mrs.,Myrtle,,,,,,,,,,,,,,
male,Mr.,David,,,,,,,,,,,,,,
female,Dr.,Bernita,,,,,,,,,,,,,,
male,Mr.,Ronnie,,,,,,,,,,,,,,
male,Mr.,Elmer,,,,,,,,,,,,,,
female,Mrs.,Esperanza,,,,,,,,,,,,,,
male,Mr.,Terry,,,,,,,,,,,,,,
male,Mr.,Jose,,,,,,,,,,,,,,
male,Mr.,Robert,,,,,,,,,,,,,,
male,Mr.,Lee,,,,,,,,,,,,,,
female,Mrs.,Shannon,,,,,,,,,,,,,,
male,Mr.,Bobby,,,,,,,,,,,,,,
male,Mr.,Fred,,,,,,,,,,,,,,
female,Ms.,Edna,,,,,,,,,,,,,,
female,Dr.,Christine,,,,,,,,,,,,,,
female,Mrs.,Melanie,,,,,,,,,,,,,,
female,Ms.,Kelly,,,,,,,,,,,,,,
male,Mr.,Dan,,,,,,,,,,,,,,
female,Mrs.,Violet,,,,,,,,,,,,,,
female,Mrs.,Miranda,,,,,,,,,,,,,,
male,Mr.,Brian,,,,,,,,,,,,,,
male,Mr.,Richard,,,,,,,,,,,,,,
female,Dr.,Angela,,,,,,,,,,,,,,
female,Ms.,Crystal,,,,,,,,,,,,,,
male,Mr.,Darwin,,,,,,,,,,,,,,
male,Mr.,Kenneth,,,,,,,,,,,,,,
female,Mrs.,Wilma,,,,,,,,,,,,,,
female,Ms.,Kristina,,,,,,,,,,,,,,
female,Ms.,Katherine,,,,,,,,,,,,,,
female,Ms.,Jessie,,,,,,,,,,,,,,
female,Ms.,Melodie,,,,,,,,,,,,,,
female,Mrs.,Elizabeth,,,,,,,,,,,,,,
female,Ms.,Mary,,,,,,,,,,,,,,
male,Mr.,Dennis,,,,,,,,,,,,,,
female,Mrs.,Rosalie,,,,,,,,,,,,,,
female,Ms.,Lona,,,,,,,,,,,,,,
female,Ms.,Genevieve,,,,,,,,,,,,,,
female,Ms.,Lisa,,,,,,,,,,,,,,
male,Mr.,Derek,,,,,,,,,,,,,,
male,Mr.,Wade,,,,,,,,,,,,,,
male,Mr.,John,,,,,,,,,,,,,,
male,Mr.,Allan,,,,,,,,,,,,,,
male,Mr.,Gary,,,,,,,,,,,,,,
female,Mrs.,Loretta,,,,,,,,,,,,,,
male,Dr.,Leon,,,,,,,,,,,,,,
male,Mr.,Theodore,,,,,,,,,,,,,,
female,Mrs.,Brenda,,,,,,,,,,,,,,
female,Ms.,Dierdre,,,,,,,,,,,,,,
male,Mr.,Paul,,,,,,,,,,,,,,
female,Mrs.,Molly,,,,,,,,,,,,,,
female,Ms.,Doris,,,,,,,,,,,,,,
male,Mr.,Eric,,,,,,,,,,,,,,
male,Mr.,Charles,,,,,,,,,,,,,,
female,Ms.,Sheila,,,,,,,,,,,,,,
male,Mr.,Frank,,,,,,,,,,,,,,
female,Ms.,Joan,,,,,,,,,,,,,,
female,Mrs.,Minnie,,,,,,,,,,,,,,
male,Mr.,Vincent,,,,,,,,,,,,,,
female,Ms.,Nicole,,,,,,,,,,,,,,
female,Ms.,Pamela,,,,,,,,,,,,,,
female,Mrs.,Carol,,,,,,,,,,,,,,
male,Mr.,James,,,,,,,,,,,,,,
female,Ms.,Amber,,,,,,,,,,,,,,
female,Ms.,Jennie,,,,,,,,,,,,,,
female,Ms.,Michele,,,,,,,,,,,,,,
female,Ms.,Garnet,,,,,,,,,,,,,,
male,Mr.,Thomas,,,,,,,,,,,,,,
male,Mr.,Kevin,,,,,,,,,,,,,,
female,Ms.,Lori,,,,,,,,,,,,,,
female,Mrs.,Latoya,,,,,,,,,,,,,,
male,Mr.,Cornelius,,,,,,,,,,,,,,
male,Mr.,Kevin,,,,,,,,,,,,,,
male,Mr.,Joseph,,,,,,,,,,,,,,
male,Mr.,Theodore,,,,,,,,,,,,,,
female,Mrs.,Joanie,,,,,,,,,,,,,,
male,Mr.,Jason,,,,,,,,,,,,,,
female,Mrs.,Nikki,,,,,,,,,,,,,,
male,Mr.,James,,,,,,,,,,,,,,
male,Mr.,Gary,,,,,,,,,,,,,,
male,Mr.,Mark,,,,,,,,,,,,,,
female,Mrs.,Marlene,,,,,,,,,,,,,,
male,Mr.,Michael,,,,,,,,,,,,,,
female,Ms.,Loretta,,,,,,,,,,,,,,
male,Mr.,Craig,,,,,,,,,,,,,,
male,Mr.,Daniel,,,,,,,,,,,,,,
male,Mr.,Patrick,,,,,,,,,,,,,,
female,Ms.,Jane,,,,,,,,,,,,,,
male,Mr.,Terry,,,,,,,,,,,,,,
male,Mr.,Jerry,,,,,,,,,,,,,,
male,Mr.,Darrel,,,,,,,,,,,,,,
male,Mr.,Douglas,,,,,,,,,,,,,,
female,Mrs.,Linda,,,,,,,,,,,,,,
male,Mr.,Robert,,,,,,,,,,,,,,
female,Mrs.,Jana,,,,,,,,,,,,,,
male,Mr.,Douglas,,,,,,,,,,,,,,
female,Mrs.,Alicia,,,,,,,,,,,,,,
male,Mr.,Bruce,,,,,,,,,,,,,,
female,Ms.,Heather,,,,,,,,,,,,,,
female,Ms.,Debra,,,,,,,,,,,,,,
female,Ms.,Stephanie,,,,,,,,,,,,,,
female,Ms.,Jessie,,,,,,,,,,,,,,
female,Mrs.,Evelyn,,,,,,,,,,,,,,
female,Mrs.,Willie,,,,,,,,,,,,,,
female,Ms.,Jane,,,,,,,,,,,,,,
female,Ms.,Marian,,,,,,,,,,,,,,
female,Ms.,Linda,,,,,,,,,,,,,,
male,Mr.,Sean,,,,,,,,,,,,,,
male,Mr.,David,,,,,,,,,,,,,,
male,Mr.,Frank,,,,,,,,,,,,,,
female,Mrs.,Kathleen,,,,,,,,,,,,,,
female,Ms.,Betty,,,,,,,,,,,,,,
male,Mr.,Jeff,,,,,,,,,,,,,,
male,Mr.,Dustin,,,,,,,,,,,,,,
male,Mr.,Wesley,,,,,,,,,,,,,,
female,Ms.,Deborah,,,,,,,,,,,,,,
male,Mr.,Sean,,,,,,,,,,,,,,
female,Ms.,Nell,,,,,,,,,,,,,,
female,Mrs.,Bettye,,,,,,,,,,,,,,
male,Mr.,Dale,,,,,,,,,,,,,,
female,Mrs.,Luann,,,,,,,,,,,,,,
female,Mrs.,Ophelia,,,,,,,,,,,,,,
male,Mr.,Jeffrey,,,,,,,,,,,,,,
female,Mrs.,Teresa,,,,,,,,,,,,,,
female,Ms.,Louise,,,,,,,,,,,,,,
female,Ms.,Margaret,,,,,,,,,,,,,,
male,Mr.,Darren,,,,,,,,,,,,,,
male,Mr.,Jason,,,,,,,,,,,,,,
female,Ms.,Dianne,,,,,,,,,,,,,,
female,Mrs.,Dana,,,,,,,,,,,,,,
male,Mr.,Armando,,,,,,,,,,,,,,
female,Mrs.,Tillie,,,,,,,,,,,,,,
male,Mr.,Michael,,,,,,,,,,,,,,
female,Mrs.,Stacie,,,,,,,,,,,,,,
male,Mr.,Douglas,,,,,,,,,,,,,,
female,Ms.,Cordelia,,,,,,,,,,,,,,
female,Ms.,Elizabeth,,,,,,,,,,,,,,
male,Mr.,Curtis,,,,,,,,,,,,,,
male,Mr.,Carl,,,,,,,,,,,,,,
male,Mr.,Matthew,,,,,,,,,,,,,,
male,Mr.,Stuart,,,,,,,,,,,,,,
male,Mr.,Anthony,,,,,,,,,,,,,,
male,Mr.,William,,,,,,,,,,,,,,
female,Ms.,Katherine,,,,,,,,,,,,,,
female,Mrs.,Gloria,,,,,,,,,,,,,,
male,Mr.,Charles,,,,,,,,,,,,,,
male,Mr.,Edward,,,,,,,,,,,,,,
female,Mrs.,Anna,,,,,,,,,,,,,,
male,Mr.,Shannon,,,,,,,,,,,,,,
male,Mr.,Michael,,,,,,,,,,,,,,
male,Mr.,Andrew,,,,,,,,,,,,,,
female,Ms.,Katherine,,,,,,,,,,,,,,
female,Ms.,Mary,,,,,,,,,,,,,,
female,Ms.,Tara,,,,,,,,,,,,,,
female,Mrs.,Melanie,,,,,,,,,,,,,,
female,Mrs.,Billie,,,,,,,,,,,,,,
male,Mr.,Kevin,,,,,,,,,,,,,,
male,Mr.,Christopher,,,,,,,,,,,,,,
male,Mr.,Carl,,,,,,,,,,,,,,
female,Mrs.,Kristy,,,,,,,,,,,,,,
male,Mr.,Jason,,,,,,,,,,,,,,
male,Mr.,Steven,,,,,,,,,,,,,,
female,Ms.,Cindy,,,,,,,,,,,,,,
female,Ms.,Teresa,,,,,,,,,,,,,,
female,Ms.,Marie,,,,,,,,,,,,,,
female,Mrs.,Joan,,,,,,,,,,,,,,
male,Mr.,John,,,,,,,,,,,,,,
male,Mr.,Timothy,,,,,,,,,,,,,,
male,Mr.,Andrew,,,,,,,,,,,,,,
male,Mr.,Jeremy,,,,,,,,,,,,,,
male,Mr.,James,,,,,,,,,,,,,,
female,Mrs.,Chris,,,,,,,,,,,,,,
male,Mr.,William,,,,,,,,,,,,,,
female,Ms.,Audrey,,,,,,,,,,,,,,
female,Ms.,Sandy,,,,,,,,,,,,,,
female,Ms.,Jessica,,,,,,,,,,,,,,
male,Mr.,Grant,,,,,,,,,,,,,,
female,Ms.,Heather,,,,,,,,,,,,,,
male,Mr.,David,,,,,,,,,,,,,,
female,Mrs.,Cynthia,,,,,,,,,,,,,,
male,Mr.,Hiram,,,,,,,,,,,,,,
female,Ms.,Eva,,,,,,,,,,,,,,
male,Mr.,Shawn,,,,,,,,,,,,,,
female,Mrs.,Julia,,,,,,,,,,,,,,
female,Ms.,Kathleen,,,,,,,,,,,,,,
female,Ms.,Diana,,,,,,,,,,,,,,
female,Mrs.,Julia,,,,,,,,,,,,,,
male,Mr.,Christopher,,,,,,,,,,,,,,
male,Mr.,Lawrence,,,,,,,,,,,,,,
male,Mr.,Daniel,,,,,,,,,,,,,,
female,Ms.,Nancy,,,,,,,,,,,,,,
male,Mr.,Charles,,,,,,,,,,,,,,
male,Mr.,David,,,,,,,,,,,,,,
female,Ms.,Barbara,,,,,,,,,,,,,,
female,Ms.,Margaret,,,,,,,,,,,,,,
male,Mr.,Barry,,,,,,,,,,,,,,
female,Mrs.,Pearl,,,,,,,,,,,,,,
male,Mr.,Richard,,,,,,,,,,,,,,
female,Ms.,Betty,,,,,,,,,,,,,,
female,Mrs.,Mary,,,,,,,,,,,,,,
male,Mr.,Jose,,,,,,,,,,,,,,
male,Mr.,Wm,,,,,,,,,,,,,,
female,Mrs.,Marisol,,,,,,,,,,,,,,
male,Mr.,Kevin,,,,,,,,,,,,,,
male,Mr.,Otis,,,,,,,,,,,,,,
female,Ms.,Millie,,,,,,,,,,,,,,
female,Mrs.,Gena,,,,,,,,,,,,,,
male,Mr.,Wilford,,,,,,,,,,,,,,
female,Ms.,Margaret,,,,,,,,,,,,,,
male,Mr.,Edward,,,,,,,,,,,,,,
male,Mr.,Octavio,,,,,,,,,,,,,,
female,Mrs.,Marcelina,,,,,,,,,,,,,,
male,Mr.,Jeffrey,,,,,,,,,,,,,,
male,Mr.,Jerry,,,,,,,,,,,,,,
male,Mr.,Paul,,,,,,,,,,,,,,
female,Ms.,Mary,,,,,,,,,,,,,,
female,Ms.,Melissa,,,,,,,,,,,,,,
male,Mr.,Julian,,,,,,,,,,,,,,
male,Mr.,David,,,,,,,,,,,,,,
female,Mrs.,Mary,,,,,,,,,,,,,,
female,Mrs.,Chrystal,,,,,,,,,,,,,,
female,Ms.,Jasmine,,,,,,,,,,,,,,
female,Ms.,Carey,,,,,,,,,,,,,,
male,Mr.,Ronald,,,,,,,,,,,,,,
female,Ms.,Celia,,,,,,,,,,,,,,
male,Mr.,Kevin,,,,,,,,,,,,,,
male,Mr.,Eric,,,,,,,,,,,,,,
female,Mrs.,Linda,,,,,,,,,,,,,,
male,Mr.,Oscar,,,,,,,,,,,,,,
female,Ms.,Florence,,,,,,,,,,,,,,
male,Mr.,David,,,,,,,,,,,,,,
female,Ms.,Robin,,,,,,,,,,,,,,
female,Ms.,Rosie,,,,,,,,,,,,,,
female,Mrs.,Myrtis,,,,,,,,,,,,,,
male,Mr.,David,,,,,,,,,,,,,,
female,Mrs.,Mary,,,,,,,,,,,,,,
female,Mrs.,Mildred,,,,,,,,,,,,,,
female,Mrs.,Judith,,,,,,,,,,,,,,
male,Mr.,Wendell,,,,,,,,,,,,,,
female,Mrs.,Melissa,,,,,,,,,,,,,,
male,Mr.,Steve,,,,,,,,,,,,,,
male,Mr.,Gregory,,,,,,,,,,,,,,
female,Ms.,Amanda,,,,,,,,,,,,,,
female,Mrs.,Kristina,,,,,,,,,,,,,,
male,Mr.,Pedro,,,,,,,,,,,,,,
male,Mr.,Jesus,,,,,,,,,,,,,,
female,Ms.,Buffy,,,,,,,,,,,,,,
female,Ms.,Rosa,,,,,,,,,,,,,,
male,Mr.,Anthony,,,,,,,,,,,,,,
male,Mr.,Keven,,,,,,,,,,,,,,
female,Mrs.,Nicole,,,,,,,,,,,,,,
male,Mr.,Christopher,,,,,,,,,,,,,,
male,Mr.,Jason,,,,,,,,,,,,,,
female,Ms.,Patricia,,,,,,,,,,,,,,
male,Mr.,Frederic,,,,,,,,,,,,,,
male,Mr.,Stephen,,,,,,,,,,,,,,
male,Mr.,Richard,,,,,,,,,,,,,,
female,Ms.,Laura,,,,,,,,,,,,,,
male,Mr.,Scott,,,,,,,,,,,,,,
female,Mrs.,Jennifer,,,,,,,,,,,,,,
female,Mrs.,Agnus,,,,,,,,,,,,,,
female,Ms.,Mary,,,,,,,,,,,,,,
female,Mrs.,Mamie,,,,,,,,,,,,,,
female,Mrs.,Gertrude,,,,,,,,,,,,,,
female,Mrs.,Ruth,,,,,,,,,,,,,,
female,Ms.,Patricia,,,,,,,,,,,,,,
female,Mrs.,Allyn,,,,,,,,,,,,,,
male,Mr.,Dewey,,,,,,,,,,,,,,
male,Mr.,James,,,,,,,,,,,,,,
male,Mr.,Jimmie,,,,,,,,,,,,,,
female,Ms.,Traci,,,,,,,,,,,,,,
male,Mr.,Jason,,,,,,,,,,,,,,
male,Dr.,George,,,,,,,,,,,,,,
female,Mrs.,Dianna,,,,,,,,,,,,,,
female,Mrs.,Ines,,,,,,,,,,,,,,
female,Ms.,Helen,,,,,,,,,,,,,,
female,Ms.,Nicole,,,,,,,,,,,,,,
male,Mr.,James,,,,,,,,,,,,,,
female,Ms.,Elma,,,,,,,,,,,,,,
male,Mr.,Lawrence,,,,,,,,,,,,,,
male,Mr.,John,,,,,,,,,,,,,,
male,Mr.,Norberto,,,,,,,,,,,,,,
female,Ms.,Cynthia,,,,,,,,,,,,,,
female,Ms.,Glendora,,,,,,,,,,,,,,
male,Mr.,Benjamin,,,,,,,,,,,,,,
female,Mrs.,Amy,,,,,,,,,,,,,,
female,Mrs.,Tiffany,,,,,,,,,,,,,,
female,Mrs.,Dorothy,,,,,,,,,,,,,,
male,Mr.,Gary,,,,,,,,,,,,,,
female,Mrs.,Mary,,,,,,,,,,,,,,
female,Ms.,Agnes,,,,,,,,,,,,,,
male,Mr.,Adam,,,,,,,,,,,,,,
male,Mr.,Kim,,,,,,,,,,,,,,
female,Ms.,Ellen,,,,,,,,,,,,,,
female,Ms.,Wendy,,,,,,,,,,,,,,
male,Mr.,Timothy,,,,,,,,,,,,,,
male,Mr.,Earl,,,,,,,,,,,,,,
female,Mrs.,Natasha,,,,,,,,,,,,,,
female,Ms.,Diane,,,,,,,,,,,,,,
male,Mr.,Jonathon,,,,,,,,,,,,,,
male,Mr.,Michael,,,,,,,,,,,,,,
male,Mr.,Bill,,,,,,,,,,,,,,
male,Mr.,James,,,,,,,,,,,,,,
male,Mr.,Raphael,,,,,,,,,,,,,,
female,Ms.,Susan,,,,,,,,,,,,,,
male,Mr.,Bruce,,,,,,,,,,,,,,
male,Mr.,Jimmie,,,,,,,,,,,,,,
male,Mr.,Charles,,,,,,,,,,,,,,
female,Mrs.,Nadia,,,,,,,,,,,,,,
female,Mrs.,Hattie,,,,,,,,,,,,,,
male,Mr.,Ryan,,,,,,,,,,,,,,
female,Ms.,Tiffany,,,,,,,,,,,,,,
male,Mr.,Milton,,,,,,,,,,,,,,
male,Mr.,Joseph,,,,,,,,,,,,,,
female,Mrs.,Sharon,,,,,,,,,,,,,,
male,Mr.,Robert,,,,,,,,,,,,,,
female,Ms.,Renee,,,,,,,,,,,,,,
male,Mr.,Christopher,,,,,,,,,,,,,,
female,Ms.,Bertha,,,,,,,,,,,,,,
female,Mrs.,Susanna,,,,,,,,,,,,,,
male,Mr.,Robert,,,,,,,,,,,,,,
female,Mrs.,Barbara,,,,,,,,,,,,,,
female,Mrs.,Jacqueline,,,,,,,,,,,,,,
male,Mr.,Stanley,,,,,,,,,,,,,,
male,Mr.,Jeremy,,,,,,,,,,,,,,
female,Ms.,Shirley,,,,,,,,,,,,,,
male,Mr.,Bobby,,,,,,,,,,,,,,
male,Mr.,Warren,,,,,,,,,,,,,,
male,Dr.,Andrew,,,,,,,,,,,,,,
male,Dr.,Lawrence,,,,,,,,,,,,,,
female,Ms.,Hazel,,,,,,,,,,,,,,
female,Mrs.,Heather,,,,,,,,,,,,,,
female,Mrs.,Marianne,,,,,,,,,,,,,,
male,Mr.,Robert,,,,,,,,,,,,,,
male,Mr.,Jeffrey,,,,,,,,,,,,,,
male,Mr.,Lawrence,,,,,,,,,,,,,,
female,Ms.,Beatrice,,,,,,,,,,,,,,
male,Mr.,Timothy,,,,,,,,,,,,,,
male,Mr.,Robert,,,,,,,,,,,,,,
female,Ms.,Kathleen,,,,,,,,,,,,,,
male,Mr.,Major,,,,,,,,,,,,,,
female,Ms.,Winifred,,,,,,,,,,,,,,
female,Mrs.,Tonya,,,,,,,,,,,,,,
female,Mrs.,Gabriela,,,,,,,,,,,,,,
male,Mr.,Jose,,,,,,,,,,,,,,
male,Mr.,Larry,,,,,,,,,,,,,,
male,Mr.,Henry,,,,,,,,,,,,,,
male,Mr.,Matthew,,,,,,,,,,,,,,
male,Mr.,Paul,,,,,,,,,,,,,,
male,Mr.,Brett,,,,,,,,,,,,,,
female,Mrs.,Irene,,,,,,,,,,,,,,
male,Mr.,Christopher,,,,,,,,,,,,,,
female,Ms.,Paula,,,,,,,,,,,,,,
male,Mr.,Robert,,,,,,,,,,,,,,
male,Mr.,Brett,,,,,,,,,,,,,,
female,Ms.,Tracey,,,,,,,,,,,,,,
male,Mr.,Michael,,,,,,,,,,,,,,
female,Mrs.,Sharon,,,,,,,,,,,,,,
male,Mr.,Curtis,,,,,,,,,,,,,,
female,Mrs.,Beverley,,,,,,,,,,,,,,
female,Ms.,Carmen,,,,,,,,,,,,,,
female,Mrs.,Barbara,,,,,,,,,,,,,,
male,Mr.,David,,,,,,,,,,,,,,
male,Mr.,Robert,,,,,,,,,,,,,,
male,Dr.,Lawrence,,,,,,,,,,,,,,
female,Mrs.,Catherine,,,,,,,,,,,,,,
male,Mr.,Roger,,,,,,,,,,,,,,
female,Mrs.,Ginger,,,,,,,,,,,,,,
female,Mrs.,Sharon,,,,,,,,,,,,,,
male,Mr.,Jody,,,,,,,,,,,,,,
male,Mr.,William,,,,,,,,,,,,,,
male,Mr.,John,,,,,,,,,,,,,,
male,Mr.,Nicholas,,,,,,,,,,,,,,
male,Mr.,Jesus,,,,,,,,,,,,,,
male,Mr.,Victor,,,,,,,,,,,,,,
male,Mr.,Taylor,,,,,,,,,,,,,,
male,Mr.,William,,,,,,,,,,,,,,
female,Mrs.,Betty,,,,,,,,,,,,,,
female,Ms.,Effie,,,,,,,,,,,,,,
male,Mr.,Frank,,,,,,,,,,,,,,
male,Mr.,Scott,,,,,,,,,,,,,,
female,Mrs.,Theodora,,,,,,,,,,,,,,
female,Dr.,Grace,,,,,,,,,,,,,,
male,Mr.,Benjamin,,,,,,,,,,,,,,
male,Mr.,Brian,,,,,,,,,,,,,,
female,Ms.,Rosa,,,,,,,,,,,,,,
female,Mrs.,Mary,,,,,,,,,,,,,,
male,Mr.,Ronald,,,,,,,,,,,,,,
male,Mr.,Eric,,,,,,,,,,,,,,
male,Mr.,Ronald,,,,,,,,,,,,,,
female,Ms.,Charlene,,,,,,,,,,,,,,
male,Mr.,Tyler,,,,,,,,,,,,,,
male,Mr.,William,,,,,,,,,,,,,,
male,Mr.,John,,,,,,,,,,,,,,
female,Mrs.,Aurora,,,,,,,,,,,,,,
female,Ms.,Sharon,,,,,,,,,,,,,,
female,Ms.,Betty,,,,,,,,,,,,,,
male,Mr.,Wayne,,,,,,,,,,,,,,
male,Mr.,Dennis,,,,,,,,,,,,,,
female,Mrs.,Myrtle,,,,,,,,,,,,,,
female,Mrs.,Deborah,,,,,,,,,,,,,,
female,Mrs.,Sandra,,,,,,,,,,,,,,
female,Ms.,Patsy,,,,,,,,,,,,,,
male,Mr.,Manuel,,,,,,,,,,,,,,
male,Mr.,Carl,,,,,,,,,,,,,,
female,Ms.,Karen,,,,,,,,,,,,,,
female,Mrs.,Christine,,,,,,,,,,,,,,
male,Mr.,Scott,,,,,,,,,,,,,,
male,Dr.,James,,,,,,,,,,,,,,
male,Mr.,Robert,,,,,,,,,,,,,,
female,Mrs.,Linh,,,,,,,,,,,,,,
female,Mrs.,Doreen,,,,,,,,,,,,,,
female,Mrs.,Christine,,,,,,,,,,,,,,
female,Ms.,Lori,,,,,,,,,,,,,,
female,Ms.,Magdalena,,,,,,,,,,,,,,
female,Ms.,Roberta,,,,,,,,,,,,,,
male,Mr.,Marc,,,,,,,,,,,,,,
male,Mr.,Stephen,,,,,,,,,,,,,,
male,Mr.,Carl,,,,,,,,,,,,,,
male,Mr.,Gary,,,,,,,,,,,,,,
female,Ms.,Lisa,,,,,,,,,,,,,,
female,Mrs.,Cynthia,,,,,,,,,,,,,,
male,Mr.,Jesse,,,,,,,,,,,,,,
male,Mr.,Reuben,,,,,,,,,,,,,,
male,Mr.,Glen,,,,,,,,,,,,,,
male,Mr.,Ronald,,,,,,,,,,,,,,
female,Ms.,Mercedes,,,,,,,,,,,,,,
male,Mr.,Edward,,,,,,,,,,,,,,
male,Mr.,Willie,,,,,,,,,,,,,,
female,Mrs.,Jimmie,,,,,,,,,,,,,,
female,Mrs.,Georgia,,,,,,,,,,,,,,
female,Ms.,Alice,,,,,,,,,,,,,,
female,Ms.,Sarah,,,,,,,,,,,,,,
male,Mr.,Lazaro,,,,,,,,,,,,,,
male,Mr.,Paul,,,,,,,,,,,,,,
female,Mrs.,Germaine,,,,,,,,,,,,,,
female,Dr.,Donna,,,,,,,,,,,,,,
female,Ms.,Elaine,,,,,,,,,,,,,,
male,Mr.,Steven,,,,,,,,,,,,,,
male,Mr.,Ronald,,,,,,,,,,,,,,
male,Mr.,John,,,,,,,,,,,,,,
male,Mr.,Paul,,,,,,,,,,,,,,
male,Dr.,John,,,,,,,,,,,,,,
female,Ms.,Kim,,,,,,,,,,,,,,
female,Mrs.,Maud,,,,,,,,,,,,,,
female,Mrs.,Angel,,,,,,,,,,,,,,
female,Ms.,Shirley,,,,,,,,,,,,,,
male,Mr.,James,,,,,,,,,,,,,,
female,Mrs.,Ana,,,,,,,,,,,,,,
female,Ms.,Alice,,,,,,,,,,,,,,
female,Mrs.,Eileen,,,,,,,,,,,,,,
female,Mrs.,Cassandra,,,,,,,,,,,,,,
male,Mr.,Lester,,,,,,,,,,,,,,
male,Mr.,Eric,,,,,,,,,,,,,,
female,Mrs.,Mary,,,,,,,,,,,,,,
male,Mr.,Ryan,,,,,,,,,,,,,,
male,Mr.,Richard,,,,,,,,,,,,,,
female,Mrs.,Diane,,,,,,,,,,,,,,
female,Mrs.,Tina,,,,,,,,,,,,,,
male,Mr.,Harold,,,,,,,,,,,,,,
female,Mrs.,Lorraine,,,,,,,,,,,,,,
female,Ms.,Josefa,,,,,,,,,,,,,,
male,Mr.,David,,,,,,,,,,,,,,
male,Mr.,Louis,,,,,,,,,,,,,,
male,Mr.,Ivan,,,,,,,,,,,,,,
female,Mrs.,Kathie,,,,,,,,,,,,,,
male,Mr.,David,,,,,,,,,,,,,,
female,Mrs.,Denise,,,,,,,,,,,,,,
female,Mrs.,Lora,,,,,,,,,,,,,,
male,Mr.,Raymond,,,,,,,,,,,,,,
male,Mr.,Harold,,,,,,,,,,,,,,
male,Mr.,Alexander,,,,,,,,,,,,,,
male,Mr.,Jay,,,,,,,,,,,,,,
female,Dr.,Faye,,,,,,,,,,,,,,
female,Mrs.,Phyllis,,,,,,,,,,,,,,
male,Mr.,Larry,,,,,,,,,,,,,,
female,Ms.,Roberta,,,,,,,,,,,,,,
male,Mr.,Elmer,,,,,,,,,,,,,,
male,Mr.,Shane,,,,,,,,,,,,,,
male,Mr.,Ian,,,,,,,,,,,,,,
female,Ms.,Irene,,,,,,,,,,,,,,
male,Mr.,Andres,,,,,,,,,,,,,,
female,Mrs.,Sabina,,,,,,,,,,,,,,
female,Mrs.,Maria,,,,,,,,,,,,,,
female,Mrs.,Inez,,,,,,,,,,,,,,
male,Mr.,William,,,,,,,,,,,,,,
male,Mr.,David,,,,,,,,,,,,,,
male,Mr.,James,,,,,,,,,,,,,,
male,Mr.,Matthew,,,,,,,,,,,,,,
female,Dr.,Stephanie,,,,,,,,,,,,,,
male,Mr.,James,,,,,,,,,,,,,,
male,Mr.,Brandon,,,,,,,,,,,,,,
female,Ms.,Suzanne,,,,,,,,,,,,,,
female,Mrs.,Veronica,,,,,,,,,,,,,,
male,Mr.,James,,,,,,,,,,,,,,
female,Ms.,Marian,,,,,,,,,,,,,,
male,Mr.,Ricky,,,,,,,,,,,,,,
female,Ms.,Joyce,,,,,,,,,,,,,,
female,Ms.,Cindy,,,,,,,,,,,,,,
female,Ms.,Ericka,,,,,,,,,,,,,,
male,Mr.,Robert,,,,,,,,,,,,,,
male,Mr.,Dennis,,,,,,,,,,,,,,
female,Ms.,Cindy,,,,,,,,,,,,,,
male,Dr.,Jerry,,,,,,,,,,,,,,
male,Mr.,Jack,,,,,,,,,,,,,,
male,Mr.,William,,,,,,,,,,,,,,
male,Mr.,Richard,,,,,,,,,,,,,,
male,Mr.,Peter,,,,,,,,,,,,,,
male,Mr.,Jason,,,,,,,,,,,,,,
male,Mr.,Matthew,,,,,,,,,,,,,,
male,Mr.,Merle,,,,,,,,,,,,,,
male,Mr.,Robert,,,,,,,,,,,,,,
male,Mr.,James,,,,,,,,,,,,,,
female,Mrs.,Joyce,,,,,,,,,,,,,,
male,Mr.,Charles,,,,,,,,,,,,,,
female,Ms.,Tracy,,,,,,,,,,,,,,
female,Ms.,Hilaria,,,,,,,,,,,,,,
male,Mr.,Bob,,,,,,,,,,,,,,
male,Mr.,Brian,,,,,,,,,,,,,,
female,Mrs.,Rachel,,,,,,,,,,,,,,
male,Mr.,Patrick,,,,,,,,,,,,,,
male,Mr.,Luis,,,,,,,,,,,,,,
female,Ms.,Ruth,,,,,,,,,,,,,,
male,Mr.,Donald,,,,,,,,,,,,,,
male,Mr.,Victor,,,,,,,,,,,,,,
male,Mr.,Alfred,,,,,,,,,,,,,,
male,Mr.,Victor,,,,,,,,,,,,,,
female,Mrs.,Jennifer,,,,,,,,,,,,,,
male,Mr.,Paul,,,,,,,,,,,,,,
female,Ms.,Linda,,,,,,,,,,,,,,
female,Mrs.,Alexandria,,,,,,,,,,,,,,
male,Mr.,Raymond,,,,,,,,,,,,,,
female,Ms.,Doris,,,,,,,,,,,,,,
female,Mrs.,Bessie,,,,,,,,,,,,,,
male,Mr.,Jack,,,,,,,,,,,,,,
female,Ms.,Marsha,,,,,,,,,,,,,,
male,Mr.,Raymond,,,,,,,,,,,,,,
male,Mr.,Joseph,,,,,,,,,,,,,,
male,Mr.,Steven,,,,,,,,,,,,,,
male,Mr.,Peter,,,,,,,,,,,,,,
female,Ms.,Gladys,,,,,,,,,,,,,,
male,Mr.,Antonio,,,,,,,,,,,,,,
female,Ms.,Jeanne,,,,,,,,,,,,,,
female,Dr.,Mary,,,,,,,,,,,,,,
female,Ms.,Tina,,,,,,,,,,,,,,
male,Mr.,Michael,,,,,,,,,,,,,,
male,Mr.,Tomas,,,,,,,,,,,,,,
female,Ms.,Gladys,,,,,,,,,,,,,,
female,Mrs.,Dianne,,,,,,,,,,,,,,
female,Ms.,Dorothy,,,,,,,,,,,,,,
male,Mr.,Shawn,,,,,,,,,,,,,,
male,Mr.,Barry,,,,,,,,,,,,,,
female,Ms.,Sheila,,,,,,,,,,,,,,
female,Dr.,Jolene,,,,,,,,,,,,,,
male,Mr.,Richard,,,,,,,,,,,,,,
male,Mr.,Mark,,,,,,,,,,,,,,
male,Mr.,Walter,,,,,,,,,,,,,,
female,Ms.,Carrie,,,,,,,,,,,,,,
male,Mr.,Erik,,,,,,,,,,,,,,
female,Ms.,Sue,,,,,,,,,,,,,,
male,Mr.,Dick,,,,,,,,,,,,,,
female,Mrs.,Elizabeth,,,,,,,,,,,,,,
female,Mrs.,Kathleen,,,,,,,,,,,,,,
female,Ms.,Nilsa,,,,,,,,,,,,,,
female,Mrs.,Lee,,,,,,,,,,,,,,
female,Mrs.,Renita,,,,,,,,,,,,,,
female,Ms.,Debra,,,,,,,,,,,,,,
female,Mrs.,Maybell,,,,,,,,,,,,,,
female,Mrs.,Linda,,,,,,,,,,,,,,
male,Mr.,Ezra,,,,,,,,,,,,,,
male,Mr.,Richard,,,,,,,,,,,,,,
female,Mrs.,Donna,,,,,,,,,,,,,,
male,Mr.,Joshua,,,,,,,,,,,,,,
female,Ms.,Janeth,,,,,,,,,,,,,,
male,Mr.,Robert,,,,,,,,,,,,,,
male,Mr.,Matthew,,,,,,,,,,,,,,
